Year,County_FIPS,BUYER_COUNTY,Morphine_equ,State
2006,13001,APPLING,3996.84377899999,GA
2006,13003,ATKINSON,1375.483686000003,GA
2006,13005,BACON,4586.778211000013,GA
2006,13007,BAKER,9.6516,GA
2006,13009,BALDWIN,11069.705010362784,GA
2006,13011,BANKS,2454.1627150000063,GA
2006,13013,BARROW,17712.133381862863,GA
2006,13015,BARTOW,29031.607688626285,GA
2006,13017,BEN HILL,2999.8909024999953,GA
2006,13019,BERRIEN,3771.4821945000012,GA
2006,13021,BIBB,82240.63574838031,GA
2006,13023,BLECKLEY,4733.628898500014,GA
2006,13025,BRANTLEY,4096.568688000005,GA
2006,13027,BROOKS,3331.259877500016,GA
2006,13029,BRYAN,9074.078661500105,GA
2006,13031,BULLOCH,9142.968817500321,GA
2006,13033,BURKE,2119.854585,GA
2006,13035,BUTTS,10585.245868500026,GA
2006,13037,CALHOUN,335.7911159999996,GA
2006,13039,CAMDEN,23295.820186313096,GA
2006,13043,CANDLER,2381.0317080000023,GA
2006,13045,CARROLL,52836.822322765045,GA
2006,13047,CATOOSA,18045.529858862923,GA
2006,13049,CHARLTON,1999.9552528500035,GA
2006,13051,CHATHAM,51483.071977417494,GA
2006,13055,CHATTOOGA,7965.2576811750905,GA
2006,13057,CHEROKEE,39825.91397831749,GA
2006,13059,CLARKE,39075.025614976745,GA
2006,13061,CLAY,734.4744375000004,GA
2006,13063,CLAYTON,32395.982910177285,GA
2006,13065,CLINCH,2043.4760010000005,GA
2006,13067,COBB,142265.12136495294,GA
2006,13069,COFFEE,18291.431137450487,GA
2006,13071,COLQUITT,4909.541860537508,GA
2006,13073,COLUMBIA,23295.355943226237,GA
2006,13075,COOK,2461.3225015000107,GA
2006,13077,COWETA,21746.70000150095,GA
2006,13079,CRAWFORD,846.4846875000009,GA
2006,13081,CRISP,4993.022424000011,GA
2006,13083,DADE,4147.432028500005,GA
2006,13085,DAWSON,9113.889742000112,GA
2006,13087,DECATUR,5450.182190000013,GA
2006,13089,DEKALB,64811.00748271758,GA
2006,13091,DODGE,7700.9209577250995,GA
2006,13093,DOOLY,693.1512270000001,GA
2006,13095,DOUGHERTY,15793.53014272573,GA
2006,13097,DOUGLAS,35668.308372452666,GA
2006,13099,EARLY,977.2840125000008,GA
2006,13103,EFFINGHAM,6862.471809225094,GA
2006,13105,ELBERT,7556.672482000104,GA
2006,13107,EMANUEL,8887.736872500149,GA
2006,13109,EVANS,4318.8979409999965,GA
2006,13111,FANNIN,8589.841474000124,GA
2006,13113,FAYETTE,22585.72325571216,GA
2006,13115,FLOYD,43319.736009952765,GA
2006,13117,FORSYTH,23957.384936725713,GA
2006,13119,FRANKLIN,13745.249143862566,GA
2006,13121,FULTON,124059.83383148852,GA
2006,13123,GILMER,10316.900070725154,GA
2006,13125,GLASCOCK,0.3027,GA
2006,13127,GLYNN,23975.292711000784,GA
2006,13129,GORDON,13377.658454000277,GA
2006,13131,GRADY,2266.556958500009,GA
2006,13133,GREENE,3760.1734017249946,GA
2006,13135,GWINNETT,105160.13310983083,GA
2006,13137,HABERSHAM,11947.394466450307,GA
2006,13139,HALL,37456.76444180125,GA
2006,13141,HANCOCK,581.501146999999,GA
2006,13143,HARALSON,25999.723028450404,GA
2006,13145,HARRIS,655.4507625000003,GA
2006,13147,HART,8871.457820437627,GA
2006,13149,HEARD,1032.8392125000014,GA
2006,13151,HENRY,38097.24957895195,GA
2006,13153,HOUSTON,32261.062367089387,GA
2006,13155,IRWIN,761.7755400000008,GA
2006,13157,JACKSON,12812.362985712829,GA
2006,13159,JASPER,1836.0334575000031,GA
2006,13161,JEFF DAVIS,3197.612132999988,GA
2006,13163,JEFFERSON,4767.473793000012,GA
2006,13165,JENKINS,2176.268340000002,GA
2006,13167,JOHNSON,1587.3047175000013,GA
2006,13169,JONES,2561.929399087504,GA
2006,13171,LAMAR,2418.094406,GA
2006,13173,LANIER,1711.7354050000015,GA
2006,13175,LAURENS,19345.904752500894,GA
2006,13177,LEE,1091.5354500000044,GA
2006,13179,LIBERTY,4391.264294999998,GA
2006,13181,LINCOLN,1521.4727549999993,GA
2006,13183,LONG,486.60228749999925,GA
2006,13185,LOWNDES,19503.797543363413,GA
2006,13187,LUMPKIN,3244.0825699999923,GA
2006,13189,MCDUFFIE,6269.448067500044,GA
2006,13191,MCINTOSH,4216.496617500015,GA
2006,13193,MACON,3507.058279125001,GA
2006,13195,MADISON,8037.40326436255,GA
2006,13197,MARION,439.3651424999991,GA
2006,13199,MERIWETHER,3007.1279200000085,GA
2006,13201,MILLER,1104.3821625000028,GA
2006,13205,MITCHELL,3091.747274999999,GA
2006,13207,MONROE,5680.544412500038,GA
2006,13209,MONTGOMERY,342.36685799999964,GA
2006,13211,MORGAN,3131.258186499991,GA
2006,13213,MURRAY,8772.052013225082,GA
2006,13217,MUSCOGEE,45567.906151354255,GA
2006,13217,NEWTON,15173.728528262665,GA
2006,13219,OCONEE,3201.630478000002,GA
2006,13221,OGLETHORPE,1241.7708745000004,GA
2006,13223,PAULDING,20442.622767501114,GA
2006,13225,PEACH,4040.089724087503,GA
2006,13227,PICKENS,9067.823479500104,GA
2006,13229,PIERCE,4953.368176500015,GA
2006,13231,PIKE,1817.8588875000016,GA
2006,13233,POLK,20132.68131731303,GA
2006,13235,PULASKI,3747.845596362514,GA
2006,13237,PUTNAM,2980.116198,GA
2006,13241,RABUN,7310.533186500059,GA
2006,13243,RANDOLPH,575.9793554999998,GA
2006,13247,RICHMOND,44785.93756721473,GA
2006,13247,ROCKDALE,22055.746354000483,GA
2006,13249,SCHLEY,401.58223799999985,GA
2006,13251,SCREVEN,1694.0432344999988,GA
2006,13253,SEMINOLE,2312.492695500007,GA
2006,13255,SPALDING,19949.46353900044,GA
2006,13257,STEPHENS,17370.255829925343,GA
2006,13259,STEWART,539.8757249999989,GA
2006,13261,SUMTER,4216.249384499973,GA
2006,13263,TALBOT,191.6218125000001,GA
2006,13267,TATTNALL,4909.166124000032,GA
2006,13269,TAYLOR,2412.8105190000015,GA
2006,13271,TELFAIR,6328.326166162525,GA
2006,13273,TERRELL,678.5992500000004,GA
2006,13275,THOMAS,6593.51530800006,GA
2006,13277,TIFT,7871.740469175068,GA
2006,13279,TOOMBS,11944.56394822531,GA
2006,13281,TOWNS,2523.9430900000007,GA
2006,13283,TREUTLEN,1490.9629725000018,GA
2006,13285,TROUP,11997.3438816129,GA
2006,13287,TURNER,1595.1928125000031,GA
2006,13289,TWIGGS,596.3669249999996,GA
2006,13291,UNION,5010.636570500016,GA
2006,13293,UPSON,7054.6980629500695,GA
2006,13295,WALKER,16033.424397500292,GA
2006,13297,WALTON,21429.86916372558,GA
2006,13299,WARE,18239.976692087886,GA
2006,13301,WARREN,232.86193499999987,GA
2006,13303,WASHINGTON,2976.0959729999804,GA
2006,13305,WAYNE,9923.32989772515,GA
2006,13309,WHEELER,1632.195840000001,GA
2006,13311,WHITE,5848.2401592250435,GA
2006,13313,WHITFIELD,21128.20291458822,GA
2006,13315,WILCOX,1379.992286999999,GA
2006,13317,WILKES,2105.0528559999984,GA
2006,13319,WILKINSON,1582.327462499999,GA
2006,13321,WORTH,2490.989624225006,GA
2007,13001,APPLING,4277.968323587509,GA
2007,13003,ATKINSON,1788.9647190000037,GA
2007,13005,BACON,7998.442163000079,GA
2007,13009,BALDWIN,13630.32200385028,GA
2007,13011,BANKS,2930.535247500015,GA
2007,13013,BARROW,22663.81792950048,GA
2007,13015,BARTOW,34525.260882213996,GA
2007,13017,BEN HILL,3955.060956999988,GA
2007,13019,BERRIEN,3943.5540013625064,GA
2007,13021,BIBB,92993.40865725634,GA
2007,13023,BLECKLEY,5675.433510362529,GA
2007,13025,BRANTLEY,3927.2906160000102,GA
2007,13027,BROOKS,4163.508432500008,GA
2007,13029,BRYAN,9806.650470000075,GA
2007,13031,BULLOCH,11395.139447587986,GA
2007,13033,BURKE,2717.980830000002,GA
2007,13035,BUTTS,10718.171231862534,GA
2007,13037,CALHOUN,316.42664636249924,GA
2007,13039,CAMDEN,27123.027022725535,GA
2007,13043,CANDLER,2504.3532885000013,GA
2007,13045,CARROLL,57215.12140897812,GA
2007,13047,CATOOSA,22704.15437086301,GA
2007,13049,CHARLTON,1929.4338459750038,GA
2007,13051,CHATHAM,56542.0829022062,GA
2007,13055,CHATTOOGA,9709.294792725117,GA
2007,13057,CHEROKEE,49550.765672791094,GA
2007,13059,CLARKE,49638.03649982712,GA
2007,13061,CLAY,682.1294174999995,GA
2007,13063,CLAYTON,37904.79641716491,GA
2007,13065,CLINCH,2768.7196459999964,GA
2007,13067,COBB,159854.9054414673,GA
2007,13069,COFFEE,17141.38422222541,GA
2007,13071,COLQUITT,6668.091213075096,GA
2007,13073,COLUMBIA,27718.176415001508,GA
2007,13075,COOK,2650.2052025000094,GA
2007,13077,COWETA,25365.947048213577,GA
2007,13079,CRAWFORD,1065.1390800000008,GA
2007,13081,CRISP,5549.329415862529,GA
2007,13083,DADE,5373.264505500034,GA
2007,13085,DAWSON,9980.61126872512,GA
2007,13087,DECATUR,6498.085115862552,GA
2007,13089,DEKALB,74390.33026976958,GA
2007,13091,DODGE,9479.082675087642,GA
2007,13093,DOOLY,574.8396194999992,GA
2007,13095,DOUGHERTY,16069.919257850817,GA
2007,13097,DOUGLAS,42462.256013165315,GA
2007,13099,EARLY,1406.1398797250033,GA
2007,13103,EFFINGHAM,8631.064976862695,GA
2007,13105,ELBERT,8698.89754750015,GA
2007,13107,EMANUEL,9642.899081000165,GA
2007,13109,EVANS,5490.0123350000395,GA
2007,13111,FANNIN,11839.507150500265,GA
2007,13113,FAYETTE,24898.48220084097,GA
2007,13115,FLOYD,50949.98231057869,GA
2007,13117,FORSYTH,30946.089410450993,GA
2007,13119,FRANKLIN,16023.043025000128,GA
2007,13121,FULTON,143243.1710992921,GA
2007,13123,GILMER,12522.306741450226,GA
2007,13125,GLASCOCK,1.2108,GA
2007,13127,GLYNN,29939.806739363557,GA
2007,13129,GORDON,16484.991748500208,GA
2007,13131,GRADY,2793.3159120000005,GA
2007,13133,GREENE,4626.894739500004,GA
2007,13135,GWINNETT,120667.08058314174,GA
2007,13137,HABERSHAM,14530.06021336287,GA
2007,13139,HALL,45313.39209037717,GA
2007,13141,HANCOCK,576.7288499999997,GA
2007,13143,HARALSON,29705.630229662962,GA
2007,13145,HARRIS,711.6140475000011,GA
2007,13147,HART,9080.086503662631,GA
2007,13149,HEARD,1358.4615000000038,GA
2007,13151,HENRY,44744.02472275195,GA
2007,13153,HOUSTON,38332.58840517753,GA
2007,13155,IRWIN,893.4401475000011,GA
2007,13157,JACKSON,15744.641386062845,GA
2007,13159,JASPER,2346.0899550000036,GA
2007,13161,JEFF DAVIS,3496.7048363624863,GA
2007,13163,JEFFERSON,4064.508116500004,GA
2007,13165,JENKINS,1964.5942755000024,GA
2007,13167,JOHNSON,2149.062204000005,GA
2007,13169,JONES,3099.8036765875036,GA
2007,13171,LAMAR,3403.186341500004,GA
2007,13173,LANIER,1613.5585610000003,GA
2007,13175,LAURENS,22184.48452590088,GA
2007,13177,LEE,1354.5731700000022,GA
2007,13179,LIBERTY,5859.982584000075,GA
2007,13181,LINCOLN,1652.9011559999997,GA
2007,13183,LONG,600.3608580000003,GA
2007,13185,LOWNDES,23655.470876626023,GA
2007,13187,LUMPKIN,4226.5922269999965,GA
2007,13189,MCDUFFIE,7064.847278500054,GA
2007,13191,MCINTOSH,4059.9806063625156,GA
2007,13193,MACON,3518.601584062505,GA
2007,13195,MADISON,10659.215516225064,GA
2007,13197,MARION,473.1834749999999,GA
2007,13199,MERIWETHER,4424.03633000001,GA
2007,13201,MILLER,1237.5099825000011,GA
2007,13205,MITCHELL,3723.9146877124886,GA
2007,13207,MONROE,7362.303488000093,GA
2007,13209,MONTGOMERY,341.005461,GA
2007,13211,MORGAN,3380.092924724998,GA
2007,13213,MURRAY,10175.70716222513,GA
2007,13217,MUSCOGEE,54511.314974067594,GA
2007,13217,NEWTON,18236.840234687614,GA
2007,13219,OCONEE,3983.7260045000085,GA
2007,13221,OGLETHORPE,2210.8848600000024,GA
2007,13223,PAULDING,29054.78205272661,GA
2007,13225,PEACH,5125.475937950034,GA
2007,13227,PICKENS,11553.322602537659,GA
2007,13229,PIERCE,5856.79424036252,GA
2007,13231,PIKE,1680.244424999999,GA
2007,13233,POLK,24624.24877567592,GA
2007,13235,PULASKI,3976.5501643625225,GA
2007,13237,PUTNAM,3344.0674253624893,GA
2007,13241,RABUN,8643.056851350084,GA
2007,13243,RANDOLPH,683.067820950001,GA
2007,13247,RICHMOND,52950.70822308987,GA
2007,13247,ROCKDALE,22674.44353058805,GA
2007,13249,SCHLEY,469.8148094999997,GA
2007,13251,SCREVEN,2250.3380519999955,GA
2007,13253,SEMINOLE,2490.73424362501,GA
2007,13255,SPALDING,21720.500104400395,GA
2007,13257,STEPHENS,21322.500078937817,GA
2007,13259,STEWART,609.3922988625,GA
2007,13261,SUMTER,4441.587521625012,GA
2007,13267,TATTNALL,7540.538364000111,GA
2007,13269,TAYLOR,2459.267960362503,GA
2007,13271,TELFAIR,5755.375162500021,GA
2007,13273,TERRELL,616.7577899999998,GA
2007,13275,THOMAS,7479.683753175066,GA
2007,13277,TIFT,9289.768154437588,GA
2007,13279,TOOMBS,11007.696908362783,GA
2007,13281,TOWNS,3295.367141999999,GA
2007,13283,TREUTLEN,1817.7003500000026,GA
2007,13285,TROUP,13120.751691612963,GA
2007,13287,TURNER,1333.4478750000044,GA
2007,13289,TWIGGS,326.6612624999997,GA
2007,13291,UNION,6228.169928537559,GA
2007,13293,UPSON,8107.53378048759,GA
2007,13295,WALKER,18488.20723900032,GA
2007,13297,WALTON,24826.740699225695,GA
2007,13299,WARE,21528.2284305006,GA
2007,13301,WARREN,444.46878749999956,GA
2007,13303,WASHINGTON,3490.6905134999824,GA
2007,13305,WAYNE,11743.294758000253,GA
2007,13309,WHEELER,1708.1338455000007,GA
2007,13311,WHITE,6409.678775312586,GA
2007,13313,WHITFIELD,23780.06343408866,GA
2007,13315,WILCOX,1585.7818019999972,GA
2007,13317,WILKES,2437.9560400000028,GA
2007,13319,WILKINSON,1842.186262499997,GA
2007,13321,WORTH,2869.3343889999983,GA
2008,13001,APPLING,4747.700521000031,GA
2008,13003,ATKINSON,1976.8532100000107,GA
2008,13005,BACON,8383.939178362572,GA
2008,13009,BALDWIN,15204.14030656284,GA
2008,13011,BANKS,4608.204394000012,GA
2008,13013,BARROW,25216.601943863152,GA
2008,13015,BARTOW,37849.969625951824,GA
2008,13017,BEN HILL,4798.918995000015,GA
2008,13019,BERRIEN,4507.466022000033,GA
2008,13021,BIBB,105340.46747769494,GA
2008,13023,BLECKLEY,6134.17283272503,GA
2008,13025,BRANTLEY,5551.1047125000005,GA
2008,13027,BROOKS,4189.163850000004,GA
2008,13029,BRYAN,9636.87642000007,GA
2008,13031,BULLOCH,13594.546502038034,GA
2008,13033,BURKE,3068.966497499993,GA
2008,13035,BUTTS,11565.703656000049,GA
2008,13037,CALHOUN,365.5374583499991,GA
2008,13039,CAMDEN,21628.25648795028,GA
2008,13043,CANDLER,2798.772450000008,GA
2008,13045,CARROLL,59909.25010735239,GA
2008,13047,CATOOSA,26866.476354813123,GA
2008,13049,CHARLTON,1923.450907237505,GA
2008,13051,CHATHAM,62655.34160170749,GA
2008,13055,CHATTOOGA,10390.218547587636,GA
2008,13057,CHEROKEE,57124.91603970347,GA
2008,13059,CLARKE,56575.81451618917,GA
2008,13061,CLAY,753.0275775000007,GA
2008,13063,CLAYTON,47524.09622956577,GA
2008,13065,CLINCH,3073.6119338625012,GA
2008,13067,COBB,178359.76641771724,GA
2008,13069,COFFEE,19587.647500000563,GA
2008,13071,COLQUITT,8022.176891625174,GA
2008,13073,COLUMBIA,30271.48833867659,GA
2008,13075,COOK,3705.47778750001,GA
2008,13077,COWETA,29889.180738039155,GA
2008,13079,CRAWFORD,1191.9975,GA
2008,13081,CRISP,5917.923433725057,GA
2008,13083,DADE,6268.744413000058,GA
2008,13085,DAWSON,11166.249527200123,GA
2008,13087,DECATUR,7571.150938000053,GA
2008,13089,DEKALB,85291.17013793482,GA
2008,13091,DODGE,10191.843832500139,GA
2008,13093,DOOLY,625.0068674999992,GA
2008,13095,DOUGHERTY,18057.377613226086,GA
2008,13097,DOUGLAS,51642.592885578255,GA
2008,13099,EARLY,1673.130492037501,GA
2008,13103,EFFINGHAM,9306.235675500271,GA
2008,13105,ELBERT,10830.832278500155,GA
2008,13107,EMANUEL,11300.10041250021,GA
2008,13109,EVANS,6166.583377500042,GA
2008,13111,FANNIN,13813.790705000312,GA
2008,13113,FAYETTE,26421.209483429197,GA
2008,13115,FLOYD,55643.38887590427,GA
2008,13117,FORSYTH,35995.2040982263,GA
2008,13119,FRANKLIN,17553.755937500006,GA
2008,13121,FULTON,157442.01897473092,GA
2008,13123,GILMER,15726.205813850343,GA
2008,13125,GLASCOCK,1.2108,GA
2008,13127,GLYNN,30444.509966451198,GA
2008,13129,GORDON,18083.266567500406,GA
2008,13131,GRADY,2959.7584709999974,GA
2008,13133,GREENE,5677.711566862526,GA
2008,13135,GWINNETT,132376.90603786905,GA
2008,13137,HABERSHAM,17505.962451225478,GA
2008,13139,HALL,52573.06447088952,GA
2008,13141,HANCOCK,657.8400734999998,GA
2008,13143,HARALSON,28948.446513787865,GA
2008,13145,HARRIS,764.829112500001,GA
2008,13147,HART,11074.556793500155,GA
2008,13149,HEARD,2239.4678850000046,GA
2008,13151,HENRY,47665.331420652044,GA
2008,13153,HOUSTON,44371.775722090286,GA
2008,13155,IRWIN,1155.1360650000015,GA
2008,13157,JACKSON,21542.64214678769,GA
2008,13159,JASPER,3010.249062000001,GA
2008,13161,JEFF DAVIS,4085.3265578999994,GA
2008,13163,JEFFERSON,4015.112952500004,GA
2008,13165,JENKINS,2288.014927500006,GA
2008,13167,JOHNSON,1779.7752210000035,GA
2008,13169,JONES,4622.041185225013,GA
2008,13171,LAMAR,3927.247600000008,GA
2008,13173,LANIER,1655.1745635000048,GA
2008,13175,LAURENS,24830.156796575815,GA
2008,13177,LEE,1489.5292913625062,GA
2008,13179,LIBERTY,6851.420642362622,GA
2008,13181,LINCOLN,1878.090900000002,GA
2008,13183,LONG,857.5448925000022,GA
2008,13185,LOWNDES,30144.94068890132,GA
2008,13187,LUMPKIN,4347.629990000003,GA
2008,13189,MCDUFFIE,8669.709504000093,GA
2008,13191,MCINTOSH,4607.686162500021,GA
2008,13193,MACON,4021.102611112509,GA
2008,13195,MADISON,12059.85593650021,GA
2008,13197,MARION,427.27979999999945,GA
2008,13199,MERIWETHER,4717.756122500027,GA
2008,13201,MILLER,1216.101637500003,GA
2008,13205,MITCHELL,3440.1754574999986,GA
2008,13207,MONROE,6888.053486000087,GA
2008,13209,MONTGOMERY,538.4926124999995,GA
2008,13211,MORGAN,3776.796814500006,GA
2008,13213,MURRAY,12007.073763000222,GA
2008,13217,MUSCOGEE,59565.32224318059,GA
2008,13217,NEWTON,21061.927350375303,GA
2008,13219,OCONEE,4502.584808362514,GA
2008,13221,OGLETHORPE,2013.7788675000043,GA
2008,13223,PAULDING,32480.170171726422,GA
2008,13225,PEACH,5077.6629748625355,GA
2008,13227,PICKENS,12612.074250525258,GA
2008,13229,PIERCE,5750.465697000014,GA
2008,13231,PIKE,1470.8061900000016,GA
2008,13233,POLK,26004.63369686352,GA
2008,13235,PULASKI,4502.092233862551,GA
2008,13237,PUTNAM,4025.773358362488,GA
2008,13241,RABUN,10524.799009087596,GA
2008,13243,RANDOLPH,702.3451868624998,GA
2008,13247,RICHMOND,61776.855617214795,GA
2008,13247,ROCKDALE,24682.722052725898,GA
2008,13249,SCHLEY,476.4996734999992,GA
2008,13251,SCREVEN,2730.9872925000004,GA
2008,13253,SEMINOLE,2698.7038217625104,GA
2008,13255,SPALDING,23327.174857438255,GA
2008,13257,STEPHENS,24142.19694593798,GA
2008,13259,STEWART,634.1748899999999,GA
2008,13261,SUMTER,4738.269365262508,GA
2008,13267,TATTNALL,9866.718307500123,GA
2008,13269,TAYLOR,2593.67006250001,GA
2008,13271,TELFAIR,6236.535607725062,GA
2008,13273,TERRELL,620.4549374999997,GA
2008,13275,THOMAS,8643.54203688759,GA
2008,13277,TIFT,10817.795162937564,GA
2008,13279,TOOMBS,11725.750417500261,GA
2008,13281,TOWNS,4271.669277500006,GA
2008,13283,TREUTLEN,2328.9646950000074,GA
2008,13285,TROUP,15024.221757362924,GA
2008,13287,TURNER,1392.5941875000049,GA
2008,13289,TWIGGS,429.7158149999995,GA
2008,13291,UNION,6743.523785587544,GA
2008,13293,UPSON,9128.30029976264,GA
2008,13295,WALKER,20602.776720000365,GA
2008,13297,WALTON,31103.25627736347,GA
2008,13299,WARE,20349.954084862802,GA
2008,13301,WARREN,538.4732624999992,GA
2008,13303,WASHINGTON,3973.289396999978,GA
2008,13305,WAYNE,13712.62529400025,GA
2008,13309,WHEELER,2061.7546913625033,GA
2008,13311,WHITE,7328.41815908762,GA
2008,13313,WHITFIELD,28814.277929213444,GA
2008,13315,WILCOX,1658.7812249999997,GA
2008,13317,WILKES,2717.0296110000113,GA
2008,13319,WILKINSON,2501.1470929500056,GA
2008,13321,WORTH,2834.7958603625034,GA
2009,13001,APPLING,5825.513103862545,GA
2009,13003,ATKINSON,2005.6088625000123,GA
2009,13005,BACON,12906.855975000119,GA
2009,13009,BALDWIN,16125.309516112777,GA
2009,13011,BANKS,5330.374612500033,GA
2009,13013,BARROW,28692.509040000554,GA
2009,13015,BARTOW,43976.56332000137,GA
2009,13017,BEN HILL,5480.41327500004,GA
2009,13019,BERRIEN,4766.2470300000205,GA
2009,13021,BIBB,107141.84228468215,GA
2009,13023,BLECKLEY,6769.5664050000305,GA
2009,13025,BRANTLEY,7329.8734500000255,GA
2009,13027,BROOKS,7053.68527500003,GA
2009,13029,BRYAN,11675.065245000118,GA
2009,13031,BULLOCH,14044.985134762966,GA
2009,13033,BURKE,3431.009343862496,GA
2009,13035,BUTTS,6914.633178862515,GA
2009,13037,CALHOUN,432.0976379249989,GA
2009,13039,CAMDEN,17097.063846450306,GA
2009,13043,CANDLER,3462.3951375000074,GA
2009,13045,CARROLL,68784.2005690903,GA
2009,13047,CATOOSA,31446.791467500556,GA
2009,13049,CHARLTON,2423.367526125008,GA
2009,13051,CHATHAM,69361.08520440685,GA
2009,13055,CHATTOOGA,11867.564648175148,GA
2009,13057,CHEROKEE,65421.97528766573,GA
2009,13059,CLARKE,60856.67072223897,GA
2009,13061,CLAY,770.464950000001,GA
2009,13063,CLAYTON,52830.613863528044,GA
2009,13065,CLINCH,3223.577324999999,GA
2009,13067,COBB,205475.85163243284,GA
2009,13069,COFFEE,22430.233192500677,GA
2009,13071,COLQUITT,8194.647671587645,GA
2009,13073,COLUMBIA,35478.48179726406,GA
2009,13075,COOK,3966.721350000011,GA
2009,13077,COWETA,35730.16901726401,GA
2009,13079,CRAWFORD,1173.422977499999,GA
2009,13081,CRISP,6552.435476587557,GA
2009,13083,DADE,7035.614857500088,GA
2009,13085,DAWSON,12036.02337566261,GA
2009,13087,DECATUR,8857.225613062594,GA
2009,13089,DEKALB,95525.64122116058,GA
2009,13091,DODGE,10153.350862500169,GA
2009,13093,DOOLY,518.131627499999,GA
2009,13095,DOUGHERTY,21433.515003826153,GA
2009,13097,DOUGLAS,65538.3401595405,GA
2009,13099,EARLY,1689.551824087504,GA
2009,13103,EFFINGHAM,10839.99955500032,GA
2009,13105,ELBERT,10518.180120000172,GA
2009,13107,EMANUEL,8834.366538862618,GA
2009,13109,EVANS,5969.130540000044,GA
2009,13111,FANNIN,18341.772638175287,GA
2009,13113,FAYETTE,29384.10873491411,GA
2009,13115,FLOYD,60090.13323409129,GA
2009,13117,FORSYTH,49880.47563795142,GA
2009,13119,FRANKLIN,19573.507649999963,GA
2009,13121,FULTON,193804.97527591765,GA
2009,13123,GILMER,17856.14978021276,GA
2009,13127,GLYNN,37155.58612608826,GA
2009,13129,GORDON,19382.198032500415,GA
2009,13131,GRADY,3091.5672825000074,GA
2009,13133,GREENE,6041.123430225033,GA
2009,13135,GWINNETT,146513.83717317978,GA
2009,13137,HABERSHAM,21287.09015317541,GA
2009,13139,HALL,63283.70384340152,GA
2009,13141,HANCOCK,595.8315000000001,GA
2009,13143,HARALSON,32680.22076543788,GA
2009,13145,HARRIS,846.3689624999996,GA
2009,13147,HART,12296.336103862619,GA
2009,13149,HEARD,2661.389002500006,GA
2009,13151,HENRY,57436.72016010154,GA
2009,13153,HOUSTON,48572.961955464874,GA
2009,13155,IRWIN,1012.0572375000022,GA
2009,13157,JACKSON,27167.430782025287,GA
2009,13159,JASPER,2751.4648163625075,GA
2009,13161,JEFF DAVIS,4498.470424762523,GA
2009,13163,JEFFERSON,4543.014690000023,GA
2009,13165,JENKINS,1956.2424375000048,GA
2009,13167,JOHNSON,1680.0282975000027,GA
2009,13169,JONES,6092.83965885004,GA
2009,13171,LAMAR,4476.585570000018,GA
2009,13173,LANIER,1839.8250075000053,GA
2009,13175,LAURENS,23876.22266838803,GA
2009,13177,LEE,1678.699207500002,GA
2009,13179,LIBERTY,7281.087843862604,GA
2009,13181,LINCOLN,2053.8586124999983,GA
2009,13183,LONG,990.1371000000033,GA
2009,13185,LOWNDES,32582.370945113307,GA
2009,13187,LUMPKIN,4817.369501587518,GA
2009,13189,MCDUFFIE,9201.833550000096,GA
2009,13191,MCINTOSH,7904.74099136253,GA
2009,13193,MACON,4013.6454656625147,GA
2009,13195,MADISON,12280.08101250016,GA
2009,13197,MARION,405.60804749999903,GA
2009,13199,MERIWETHER,5005.1562825000265,GA
2009,13201,MILLER,1469.1342115875034,GA
2009,13205,MITCHELL,3691.2501827250035,GA
2009,13207,MONROE,8126.145048862601,GA
2009,13209,MONTGOMERY,548.1020999999997,GA
2009,13211,MORGAN,4755.486142500035,GA
2009,13213,MURRAY,14640.53352750022,GA
2009,13217,MUSCOGEE,67729.25354445576,GA
2009,13217,NEWTON,26031.82053135038,GA
2009,13219,OCONEE,4967.062833862524,GA
2009,13221,OGLETHORPE,2453.4962700000024,GA
2009,13223,PAULDING,38467.39592636358,GA
2009,13225,PEACH,6276.608370225039,GA
2009,13227,PICKENS,12936.023996775226,GA
2009,13229,PIERCE,5805.769929075038,GA
2009,13231,PIKE,1589.632875000004,GA
2009,13233,POLK,26745.46611045089,GA
2009,13235,PULASKI,5248.152199087561,GA
2009,13237,PUTNAM,4576.153230225019,GA
2009,13241,RABUN,11683.348317262653,GA
2009,13243,RANDOLPH,900.268485000002,GA
2009,13247,RICHMOND,67375.71323812692,GA
2009,13247,ROCKDALE,30676.692195000687,GA
2009,13249,SCHLEY,447.2262452249996,GA
2009,13251,SCREVEN,2651.1773249999997,GA
2009,13253,SEMINOLE,2883.6841324875154,GA
2009,13255,SPALDING,24635.156285663103,GA
2009,13257,STEPHENS,26117.963727712755,GA
2009,13259,STEWART,850.3953375000017,GA
2009,13261,SUMTER,5019.432240000024,GA
2009,13267,TATTNALL,10431.186705000107,GA
2009,13269,TAYLOR,2591.6982375000093,GA
2009,13271,TELFAIR,6765.563227500045,GA
2009,13273,TERRELL,1015.4210625000021,GA
2009,13275,THOMAS,8973.985617487604,GA
2009,13277,TIFT,12275.77131011262,GA
2009,13279,TOOMBS,12429.085965000231,GA
2009,13281,TOWNS,4540.792515000009,GA
2009,13283,TREUTLEN,2169.5347688625006,GA
2009,13285,TROUP,17585.755951800515,GA
2009,13287,TURNER,1490.6049000000066,GA
2009,13289,TWIGGS,458.6863874999991,GA
2009,13291,UNION,7931.874247500077,GA
2009,13293,UPSON,9510.00274953764,GA
2009,13295,WALKER,25122.877860000335,GA
2009,13297,WALTON,35107.906684313304,GA
2009,13299,WARE,23720.106101587717,GA
2009,13301,WARREN,581.0717999999995,GA
2009,13303,WASHINGTON,4725.239985000017,GA
2009,13305,WAYNE,15697.056405000178,GA
2009,13309,WHEELER,2587.3932038625085,GA
2009,13311,WHITE,9208.566686362652,GA
2009,13313,WHITFIELD,35919.653754563646,GA
2009,13315,WILCOX,1586.1567975000034,GA
2009,13317,WILKES,3082.250512500011,GA
2009,13319,WILKINSON,2851.1300025000087,GA
2009,13321,WORTH,3110.451903862515,GA
2010,13001,APPLING,9448.791146362624,GA
2010,13003,ATKINSON,3106.023682500022,GA
2010,13005,BACON,29123.61209250027,GA
2010,13009,BALDWIN,18814.531522500263,GA
2010,13011,BANKS,7330.746787500052,GA
2010,13013,BARROW,34411.368870000435,GA
2010,13015,BARTOW,62633.33655112691,GA
2010,13017,BEN HILL,6330.250882500063,GA
2010,13019,BERRIEN,5580.185227500062,GA
2010,13021,BIBB,126623.32412445729,GA
2010,13023,BLECKLEY,10430.572548862583,GA
2010,13025,BRANTLEY,10950.667312500054,GA
2010,13027,BROOKS,8789.120917500031,GA
2010,13029,BRYAN,16444.008587472174,GA
2010,13031,BULLOCH,19510.56855521326,GA
2010,13033,BURKE,4571.417625000001,GA
2010,13035,BUTTS,10456.509360225067,GA
2010,13037,CALHOUN,581.7323129249983,GA
2010,13039,CAMDEN,22683.134920050306,GA
2010,13043,CANDLER,4366.946827500025,GA
2010,13045,CARROLL,72584.76198795218,GA
2010,13047,CATOOSA,41293.30390500078,GA
2010,13049,CHARLTON,5409.898725000021,GA
2010,13051,CHATHAM,82625.22404693239,GA
2010,13055,CHATTOOGA,12922.901872500188,GA
2010,13057,CHEROKEE,80622.0173423661,GA
2010,13059,CLARKE,66387.48365321402,GA
2010,13061,CLAY,1106.912100000002,GA
2010,13063,CLAYTON,68738.2213797404,GA
2010,13065,CLINCH,4095.2140275000042,GA
2010,13067,COBB,238516.3356989779,GA
2010,13069,COFFEE,47033.43613886341,GA
2010,13071,COLQUITT,10448.77141522516,GA
2010,13073,COLUMBIA,39528.706639089105,GA
2010,13075,COOK,5658.713347500045,GA
2010,13077,COWETA,40254.84671295154,GA
2010,13079,CRAWFORD,1934.717362499999,GA
2010,13081,CRISP,7973.974327500104,GA
2010,13083,DADE,8279.691082500141,GA
2010,13085,DAWSON,12458.427952950184,GA
2010,13087,DECATUR,8152.208544075114,GA
2010,13089,DEKALB,114484.1949200722,GA
2010,13091,DODGE,10397.302245000195,GA
2010,13093,DOOLY,929.4952499999982,GA
2010,13095,DOUGHERTY,25066.426170226394,GA
2010,13097,DOUGLAS,80407.64114771468,GA
2010,13099,EARLY,1640.9943638625057,GA
2010,13103,EFFINGHAM,10935.415777725299,GA
2010,13105,ELBERT,11271.80321250017,GA
2010,13107,EMANUEL,12312.732892500222,GA
2010,13109,EVANS,7041.55453500007,GA
2010,13111,FANNIN,23418.773801362615,GA
2010,13113,FAYETTE,30660.98262465156,GA
2010,13115,FLOYD,64480.0320938662,GA
2010,13117,FORSYTH,57494.16120795157,GA
2010,13119,FRANKLIN,23194.638877499965,GA
2010,13121,FULTON,249173.47378655005,GA
2010,13123,GILMER,20281.198459987798,GA
2010,13127,GLYNN,54681.308171288365,GA
2010,13129,GORDON,27144.79042500059,GA
2010,13131,GRADY,4079.5264088625045,GA
2010,13133,GREENE,6979.728723862537,GA
2010,13135,GWINNETT,180745.40740659172,GA
2010,13137,HABERSHAM,21222.635677500395,GA
2010,13139,HALL,80698.41317704033,GA
2010,13141,HANCOCK,1047.7002750000006,GA
2010,13143,HARALSON,35773.42065180055,GA
2010,13145,HARRIS,1156.425300000002,GA
2010,13147,HART,11633.291400000197,GA
2010,13149,HEARD,2616.417514762505,GA
2010,13151,HENRY,70250.59940658977,GA
2010,13153,HOUSTON,58661.75091858953,GA
2010,13155,IRWIN,1558.541385000005,GA
2010,13157,JACKSON,35112.84060179994,GA
2010,13159,JASPER,3938.6170050000082,GA
2010,13161,JEFF DAVIS,7739.687100675076,GA
2010,13163,JEFFERSON,5818.780878862545,GA
2010,13165,JENKINS,2533.6706925000067,GA
2010,13167,JOHNSON,2264.2201500000033,GA
2010,13169,JONES,8052.204257025066,GA
2010,13171,LAMAR,5158.814979862541,GA
2010,13173,LANIER,2123.3994900000075,GA
2010,13175,LAURENS,28997.264166563215,GA
2010,13177,LEE,1697.7578625000021,GA
2010,13179,LIBERTY,9553.121467500176,GA
2010,13181,LINCOLN,2481.028350000005,GA
2010,13183,LONG,1613.7128025000068,GA
2010,13185,LOWNDES,36384.20911953863,GA
2010,13187,LUMPKIN,6068.949690000053,GA
2010,13189,MCDUFFIE,10463.412712500098,GA
2010,13191,MCINTOSH,10361.740545000068,GA
2010,13193,MACON,5172.060714750036,GA
2010,13195,MADISON,14733.683850000221,GA
2010,13197,MARION,584.9585999999991,GA
2010,13199,MERIWETHER,5493.199980000048,GA
2010,13201,MILLER,1833.3461400000037,GA
2010,13205,MITCHELL,4632.433822500018,GA
2010,13207,MONROE,11252.497170000095,GA
2010,13209,MONTGOMERY,748.1221499999986,GA
2010,13211,MORGAN,6231.154657725065,GA
2010,13213,MURRAY,15191.540336587736,GA
2010,13217,MUSCOGEE,81272.51143084475,GA
2010,13217,NEWTON,29471.814176587653,GA
2010,13219,OCONEE,6134.70953261252,GA
2010,13221,OGLETHORPE,3034.2298950000013,GA
2010,13223,PAULDING,43254.62444295104,GA
2010,13225,PEACH,8086.613403862581,GA
2010,13227,PICKENS,15193.427919750247,GA
2010,13229,PIERCE,12793.703877712649,GA
2010,13231,PIKE,1655.1286875000023,GA
2010,13233,POLK,27923.512676588503,GA
2010,13235,PULASKI,6312.872306362608,GA
2010,13237,PUTNAM,4901.970795225026,GA
2010,13241,RABUN,11628.199170225113,GA
2010,13243,RANDOLPH,958.0746825000045,GA
2010,13247,RICHMOND,81258.43528845263,GA
2010,13247,ROCKDALE,39152.597059538166,GA
2010,13249,SCHLEY,586.9645874999993,GA
2010,13251,SCREVEN,2688.7638150000093,GA
2010,13253,SEMINOLE,3277.0191121500197,GA
2010,13255,SPALDING,32950.82668770077,GA
2010,13257,STEPHENS,29773.09460295045,GA
2010,13259,STEWART,1185.3874125000032,GA
2010,13261,SUMTER,5856.107227500045,GA
2010,13267,TATTNALL,11548.677498862646,GA
2010,13269,TAYLOR,3870.5774550000233,GA
2010,13271,TELFAIR,13895.573516362594,GA
2010,13273,TERRELL,1082.7360375000026,GA
2010,13275,THOMAS,11593.202683950147,GA
2010,13277,TIFT,15808.29310942522,GA
2010,13279,TOOMBS,17936.853412500313,GA
2010,13281,TOWNS,4718.705880000018,GA
2010,13283,TREUTLEN,3293.238510675014,GA
2010,13285,TROUP,19304.618601113132,GA
2010,13287,TURNER,2168.567430000008,GA
2010,13289,TWIGGS,692.6722125000007,GA
2010,13291,UNION,9584.508213862635,GA
2010,13293,UPSON,12136.759778400192,GA
2010,13295,WALKER,26162.994195000185,GA
2010,13297,WALTON,40608.1260565883,GA
2010,13299,WARE,35402.0799900002,GA
2010,13301,WARREN,1082.4313875000023,GA
2010,13303,WASHINGTON,5214.066540000029,GA
2010,13305,WAYNE,27949.50955500041,GA
2010,13309,WHEELER,3861.127087500022,GA
2010,13311,WHITE,12377.752601362772,GA
2010,13313,WHITFIELD,40573.82137248844,GA
2010,13315,WILCOX,2472.2533988625123,GA
2010,13317,WILKES,3244.826850000006,GA
2010,13319,WILKINSON,4437.34303953753,GA
2010,13321,WORTH,3684.9598088625185,GA
2011,13001,APPLING,10493.837565000113,GA
2011,13003,ATKINSON,2870.52858000002,GA
2011,13005,BACON,23285.3839875002,GA
2011,13009,BALDWIN,20120.86462803767,GA
2011,13011,BANKS,7995.982980000064,GA
2011,13013,BARROW,34071.27007590038,GA
2011,13015,BARTOW,64528.19059931454,GA
2011,13017,BEN HILL,7470.758760000064,GA
2011,13019,BERRIEN,5972.196750000062,GA
2011,13021,BIBB,140103.9923418076,GA
2011,13023,BLECKLEY,11652.82640250007,GA
2011,13025,BRANTLEY,7925.983837500036,GA
2011,13027,BROOKS,15385.293952500064,GA
2011,13029,BRYAN,16565.860604662677,GA
2011,13031,BULLOCH,19002.41265112572,GA
2011,13033,BURKE,5194.469302500049,GA
2011,13035,BUTTS,13580.896286362557,GA
2011,13037,CALHOUN,772.525273387501,GA
2011,13039,CAMDEN,22363.2426431627,GA
2011,13043,CANDLER,4342.661880000024,GA
2011,13045,CARROLL,76282.27665045248,GA
2011,13047,CATOOSA,40756.06931250066,GA
2011,13049,CHARLTON,5204.097208162518,GA
2011,13051,CHATHAM,97307.15380838318,GA
2011,13055,CHATTOOGA,14430.830403862721,GA
2011,13057,CHEROKEE,95668.65788426696,GA
2011,13059,CLARKE,80334.71237838936,GA
2011,13061,CLAY,796.304287500001,GA
2011,13063,CLAYTON,72903.96607905248,GA
2011,13065,CLINCH,4602.099210000008,GA
2011,13067,COBB,272506.4223407068,GA
2011,13069,COFFEE,52412.25936044985,GA
2011,13071,COLQUITT,10441.363320000315,GA
2011,13073,COLUMBIA,49442.60688622693,GA
2011,13075,COOK,6299.567865000059,GA
2011,13077,COWETA,60963.186949539944,GA
2011,13079,CRAWFORD,1994.031525000001,GA
2011,13081,CRISP,8737.890101362638,GA
2011,13083,DADE,7805.248803862656,GA
2011,13085,DAWSON,12535.306541362632,GA
2011,13087,DECATUR,9223.083470437643,GA
2011,13089,DEKALB,132659.16322036108,GA
2011,13091,DODGE,12740.18339636276,GA
2011,13093,DOOLY,831.6315375000007,GA
2011,13095,DOUGHERTY,29021.617369314215,GA
2011,13097,DOUGLAS,98187.61233817798,GA
2011,13099,EARLY,1748.2559252250062,GA
2011,13103,EFFINGHAM,12708.306435000377,GA
2011,13105,ELBERT,11048.981962500184,GA
2011,13107,EMANUEL,13627.770285225231,GA
2011,13109,EVANS,8073.227715000067,GA
2011,13111,FANNIN,18193.81317067534,GA
2011,13113,FAYETTE,35016.72134272681,GA
2011,13115,FLOYD,73599.50484045474,GA
2011,13117,FORSYTH,60955.79370045144,GA
2011,13119,FRANKLIN,26354.97107294989,GA
2011,13121,FULTON,266960.88088985434,GA
2011,13123,GILMER,20971.320466350266,GA
2011,13127,GLYNN,49924.365217725695,GA
2011,13129,GORDON,25952.494372500652,GA
2011,13131,GRADY,5123.661510225049,GA
2011,13133,GREENE,8809.313700675077,GA
2011,13135,GWINNETT,211691.5332206841,GA
2011,13137,HABERSHAM,21943.693920000456,GA
2011,13139,HALL,79414.02467362727,GA
2011,13141,HANCOCK,844.3413375000005,GA
2011,13143,HARALSON,38540.49735067554,GA
2011,13145,HARRIS,1146.112650000004,GA
2011,13147,HART,13391.426074087722,GA
2011,13149,HEARD,3072.9600038625067,GA
2011,13151,HENRY,81436.83070226634,GA
2011,13153,HOUSTON,68624.67195795268,GA
2011,13155,IRWIN,1565.819962500005,GA
2011,13157,JACKSON,40138.74581658724,GA
2011,13159,JASPER,3516.224062500011,GA
2011,13161,JEFF DAVIS,13820.130534300111,GA
2011,13163,JEFFERSON,8458.950270112586,GA
2011,13165,JENKINS,2910.970755000015,GA
2011,13167,JOHNSON,2311.122817500007,GA
2011,13169,JONES,8155.025165662561,GA
2011,13171,LAMAR,5900.327928862562,GA
2011,13173,LANIER,2455.9480125000096,GA
2011,13175,LAURENS,30367.203890888224,GA
2011,13177,LEE,3322.4614050000105,GA
2011,13179,LIBERTY,11787.538260000143,GA
2011,13181,LINCOLN,2361.338325000006,GA
2011,13183,LONG,1547.4876075000045,GA
2011,13185,LOWNDES,43439.7602559008,GA
2011,13187,LUMPKIN,7648.011352500106,GA
2011,13189,MCDUFFIE,12099.453382500089,GA
2011,13191,MCINTOSH,14997.546885000093,GA
2011,13193,MACON,4317.220452712529,GA
2011,13195,MADISON,15721.538692500211,GA
2011,13197,MARION,488.85181499999896,GA
2011,13199,MERIWETHER,6123.012892500095,GA
2011,13201,MILLER,1967.4157875,GA
2011,13205,MITCHELL,5685.760897500053,GA
2011,13207,MONROE,12838.994197500164,GA
2011,13209,MONTGOMERY,403.59629999999925,GA
2011,13211,MORGAN,6454.141290000063,GA
2011,13213,MURRAY,16878.405454087813,GA
2011,13217,MUSCOGEE,95051.73452385838,GA
2011,13217,NEWTON,32922.56415408771,GA
2011,13219,OCONEE,6894.3346202250505,GA
2011,13221,OGLETHORPE,3248.6518575000027,GA
2011,13223,PAULDING,44882.92104761371,GA
2011,13225,PEACH,8817.943177500136,GA
2011,13227,PICKENS,17933.01639930035,GA
2011,13229,PIERCE,9302.08780136261,GA
2011,13231,PIKE,1912.5216002249995,GA
2011,13233,POLK,32976.24263250097,GA
2011,13235,PULASKI,7593.181511362624,GA
2011,13237,PUTNAM,5290.192365450043,GA
2011,13241,RABUN,12000.33388203765,GA
2011,13243,RANDOLPH,1278.0833250000069,GA
2011,13247,RICHMOND,94727.33669610301,GA
2011,13247,ROCKDALE,45491.458856588564,GA
2011,13249,SCHLEY,491.649799087499,GA
2011,13251,SCREVEN,3104.1248025000145,GA
2011,13253,SEMINOLE,3653.139897487526,GA
2011,13255,SPALDING,34956.263273588294,GA
2011,13257,STEPHENS,36977.64213817541,GA
2011,13259,STEWART,1288.1846250000024,GA
2011,13261,SUMTER,7420.300815000094,GA
2011,13263,TALBOT,26.620199999999993,GA
2011,13267,TATTNALL,10688.306887500117,GA
2011,13269,TAYLOR,3504.3740550000202,GA
2011,13271,TELFAIR,15090.633258862605,GA
2011,13273,TERRELL,1434.2331975000066,GA
2011,13275,THOMAS,12562.601151450182,GA
2011,13277,TIFT,17484.167056912724,GA
2011,13279,TOOMBS,18796.781685000333,GA
2011,13281,TOWNS,5080.413090000037,GA
2011,13283,TREUTLEN,2885.897842500005,GA
2011,13285,TROUP,22081.614444750718,GA
2011,13287,TURNER,2377.929082500008,GA
2011,13289,TWIGGS,774.622837500001,GA
2011,13291,UNION,9573.42963750017,GA
2011,13293,UPSON,12706.276269075235,GA
2011,13295,WALKER,30050.449357500194,GA
2011,13297,WALTON,51893.525445450985,GA
2011,13299,WARE,33081.90502226267,GA
2011,13301,WARREN,1085.7679875000035,GA
2011,13303,WASHINGTON,5594.685532500072,GA
2011,13305,WAYNE,31768.250152500274,GA
2011,13309,WHEELER,5541.494475000028,GA
2011,13311,WHITE,15105.062343862823,GA
2011,13313,WHITFIELD,47235.512438288475,GA
2011,13315,WILCOX,2788.5342900000046,GA
2011,13317,WILKES,4042.7457750000085,GA
2011,13319,WILKINSON,4459.15487703754,GA
2011,13321,WORTH,4078.0831725000116,GA
2012,13001,APPLING,11679.555495000119,GA
2012,13003,ATKINSON,2978.720032500025,GA
2012,13005,BACON,16248.752550000228,GA
2012,13009,BALDWIN,22942.55441250017,GA
2012,13011,BANKS,6478.398802500073,GA
2012,13013,BARROW,33610.9932197626,GA
2012,13015,BARTOW,61299.91480158917,GA
2012,13017,BEN HILL,7793.140815000048,GA
2012,13019,BERRIEN,6733.548645000069,GA
2012,13021,BIBB,138379.07482451946,GA
2012,13023,BLECKLEY,12193.794705000075,GA
2012,13025,BRANTLEY,5926.965225000029,GA
2012,13027,BROOKS,17742.997312500058,GA
2012,13029,BRYAN,18906.19195203771,GA
2012,13031,BULLOCH,19664.277140212947,GA
2012,13033,BURKE,5442.739005000047,GA
2012,13035,BUTTS,16646.49428636256,GA
2012,13037,CALHOUN,821.6586497250004,GA
2012,13039,CAMDEN,23490.73621500028,GA
2012,13043,CANDLER,5326.837830000026,GA
2012,13045,CARROLL,76353.8759736027,GA
2012,13047,CATOOSA,47386.00666886301,GA
2012,13049,CHARLTON,4904.913983625027,GA
2012,13051,CHATHAM,101158.89221929513,GA
2012,13055,CHATTOOGA,15202.95944250016,GA
2012,13057,CHEROKEE,76777.39892719086,GA
2012,13059,CLARKE,82501.60596225194,GA
2012,13061,CLAY,560.308574999999,GA
2012,13063,CLAYTON,56627.53866656484,GA
2012,13065,CLINCH,4592.822006362528,GA
2012,13067,COBB,238414.92378402804,GA
2012,13069,COFFEE,34072.83708386282,GA
2012,13071,COLQUITT,11538.465547725365,GA
2012,13073,COLUMBIA,49549.19645268958,GA
2012,13075,COOK,5873.076720000079,GA
2012,13077,COWETA,45984.58127748976,GA
2012,13079,CRAWFORD,2306.1873375000023,GA
2012,13081,CRISP,9762.02629158762,GA
2012,13083,DADE,7835.832375000109,GA
2012,13085,DAWSON,12577.916073862645,GA
2012,13087,DECATUR,10005.864181350194,GA
2012,13089,DEKALB,129316.71358917406,GA
2012,13091,DODGE,13449.868507500265,GA
2012,13093,DOOLY,857.1861900000004,GA
2012,13095,DOUGHERTY,31634.676638401528,GA
2012,13097,DOUGLAS,69229.24595996557,GA
2012,13099,EARLY,1941.342937500009,GA
2012,13103,EFFINGHAM,13752.690067500454,GA
2012,13105,ELBERT,11702.900055900183,GA
2012,13107,EMANUEL,13752.474684300216,GA
2012,13109,EVANS,7630.125585000051,GA
2012,13111,FANNIN,17950.255902037665,GA
2012,13113,FAYETTE,35786.03886408921,GA
2012,13115,FLOYD,73445.99456497988,GA
2012,13117,FORSYTH,60962.110924314096,GA
2012,13119,FRANKLIN,26069.729107724932,GA
2012,13121,FULTON,228820.27510696382,GA
2012,13123,GILMER,19647.835808400287,GA
2012,13127,GLYNN,35013.24119340055,GA
2012,13129,GORDON,24075.749022038046,GA
2012,13131,GRADY,6388.069935225103,GA
2012,13133,GREENE,9380.242279537593,GA
2012,13135,GWINNETT,205313.57711225477,GA
2012,13137,HABERSHAM,20488.71002081288,GA
2012,13139,HALL,76006.89618566471,GA
2012,13141,HANCOCK,924.1319550000024,GA
2012,13143,HARALSON,38605.72934066308,GA
2012,13145,HARRIS,1146.9865650000029,GA
2012,13147,HART,12007.82743031273,GA
2012,13149,HEARD,2555.7382500000053,GA
2012,13151,HENRY,76409.23508089087,GA
2012,13153,HOUSTON,65074.39699908968,GA
2012,13155,IRWIN,1710.3516525000057,GA
2012,13157,JACKSON,42902.74804522485,GA
2012,13159,JASPER,3691.416045000014,GA
2012,13161,JEFF DAVIS,12265.51753931264,GA
2012,13163,JEFFERSON,8648.115814087632,GA
2012,13165,JENKINS,3143.3681625000204,GA
2012,13167,JOHNSON,2295.079657500006,GA
2012,13169,JONES,7927.674407700079,GA
2012,13171,LAMAR,5607.657645000049,GA
2012,13173,LANIER,2078.6941575000105,GA
2012,13175,LAURENS,32343.588973837865,GA
2012,13177,LEE,4526.186317725013,GA
2012,13179,LIBERTY,12729.412800000164,GA
2012,13181,LINCOLN,2388.305251125009,GA
2012,13183,LONG,1995.9483300000047,GA
2012,13185,LOWNDES,46025.0405552265,GA
2012,13187,LUMPKIN,8761.737682500107,GA
2012,13189,MCDUFFIE,12336.664230225102,GA
2012,13191,MCINTOSH,15089.76717386254,GA
2012,13193,MACON,5015.073567937549,GA
2012,13195,MADISON,17595.403302262777,GA
2012,13197,MARION,101.78727749999997,GA
2012,13199,MERIWETHER,6426.285180000085,GA
2012,13201,MILLER,2165.005830000001,GA
2012,13205,MITCHELL,7357.51636500008,GA
2012,13207,MONROE,9489.265080000096,GA
2012,13209,MONTGOMERY,505.23554999999914,GA
2012,13211,MORGAN,8441.299736362607,GA
2012,13213,MURRAY,17748.31341386273,GA
2012,13217,MUSCOGEE,102999.24256928347,GA
2012,13217,NEWTON,31803.023126362692,GA
2012,13219,OCONEE,6756.681877950054,GA
2012,13221,OGLETHORPE,3931.3833225000135,GA
2012,13223,PAULDING,42966.59392500095,GA
2012,13225,PEACH,9620.321415000106,GA
2012,13227,PICKENS,18753.609469087914,GA
2012,13229,PIERCE,8372.561231362572,GA
2012,13231,PIKE,2168.2489274999975,GA
2012,13233,POLK,30934.11996000082,GA
2012,13235,PULASKI,8624.575278862621,GA
2012,13237,PUTNAM,5613.472001362535,GA
2012,13241,RABUN,12142.440485437677,GA
2012,13243,RANDOLPH,1401.78537750001,GA
2012,13247,RICHMOND,99701.89282267846,GA
2012,13247,ROCKDALE,47470.54368270076,GA
2012,13249,SCHLEY,345.80291249999937,GA
2012,13251,SCREVEN,2995.489076587511,GA
2012,13253,SEMINOLE,3518.334761587529,GA
2012,13255,SPALDING,34349.64590201333,GA
2012,13257,STEPHENS,30549.977037938028,GA
2012,13259,STEWART,959.9839127249991,GA
2012,13261,SUMTER,7447.961212500083,GA
2012,13267,TATTNALL,10844.763172500105,GA
2012,13269,TAYLOR,3734.1658650000263,GA
2012,13271,TELFAIR,9805.204473862595,GA
2012,13273,TERRELL,1790.7302250000089,GA
2012,13275,THOMAS,14387.645596462691,GA
2012,13277,TIFT,19223.16957045016,GA
2012,13279,TOOMBS,17636.43669386275,GA
2012,13281,TOWNS,4947.626040000034,GA
2012,13283,TREUTLEN,2971.5845475000074,GA
2012,13285,TROUP,23619.473650500888,GA
2012,13287,TURNER,2569.8003600000075,GA
2012,13289,TWIGGS,773.7613500000007,GA
2012,13291,UNION,10055.756951587648,GA
2012,13293,UPSON,13164.23211431272,GA
2012,13295,WALKER,32330.346090225084,GA
2012,13297,WALTON,46574.21780021352,GA
2012,13299,WARE,30516.857963175342,GA
2012,13301,WARREN,1051.1075250000026,GA
2012,13303,WASHINGTON,6261.391942500077,GA
2012,13305,WAYNE,26200.196696587813,GA
2012,13309,WHEELER,4113.109012500022,GA
2012,13311,WHITE,17531.333730225255,GA
2012,13313,WHITFIELD,42564.53020953847,GA
2012,13315,WILCOX,2854.155630000007,GA
2012,13317,WILKES,4497.4714875000145,GA
2012,13319,WILKINSON,4181.27971522504,GA
2012,13321,WORTH,4361.639463862516,GA
