,State,County,FIPS,Year,Population
6286,AL,AUTAUGA,1001,2008,53277.0
6287,AL,BALDWIN,1003,2008,175827.0
6288,AL,BARBOUR,1005,2008,27808.0
6289,AL,BIBB,1007,2008,22705.0
6290,AL,BLOUNT,1009,2008,57055.0
6291,AL,BULLOCK,1011,2008,10953.0
6292,AL,BUTLER,1013,2008,20949.0
6293,AL,CALHOUN,1015,2008,117274.0
6294,AL,CHAMBERS,1017,2008,34563.0
6295,AL,CHEROKEE,1019,2008,25636.0
6296,AL,CHILTON,1021,2008,43239.0
6297,AL,CHOCTAW,1023,2008,14114.0
6298,AL,CLARKE,1025,2008,26283.0
6299,AL,CLAY,1027,2008,14161.0
6300,AL,CLEBURNE,1029,2008,14874.0
6301,AL,COFFEE,1031,2008,48516.0
6302,AL,COLBERT,1033,2008,54473.0
6303,AL,CONECUH,1035,2008,13388.0
6304,AL,COOSA,1037,2008,11493.0
6305,AL,COVINGTON,1039,2008,37545.0
6306,AL,CRENSHAW,1041,2008,13922.0
6307,AL,CULLMAN,1043,2008,80273.0
6308,AL,DALE,1045,2008,49871.0
6309,AL,DALLAS,1047,2008,44265.0
6310,AL,DE KALB,1049,2008,70228.0
6311,AL,ELMORE,1051,2008,77698.0
6312,AL,ESCAMBIA,1053,2008,37929.0
6313,AL,ETOWAH,1055,2008,104206.0
6314,AL,FAYETTE,1057,2008,17541.0
6315,AL,FRANKLIN,1059,2008,31459.0
6316,AL,GENEVA,1061,2008,26646.0
6317,AL,GREENE,1063,2008,9359.0
6318,AL,HALE,1065,2008,16260.0
6319,AL,HENRY,1067,2008,17129.0
6320,AL,HOUSTON,1069,2008,99183.0
6321,AL,JACKSON,1071,2008,53525.0
6322,AL,JEFFERSON,1073,2008,656510.0
6323,AL,LAMAR,1075,2008,14799.0
6324,AL,LAUDERDALE,1077,2008,92202.0
6325,AL,LAWRENCE,1079,2008,34196.0
6326,AL,LEE,1081,2008,134524.0
6327,AL,LIMESTONE,1083,2008,78835.0
6328,AL,LOWNDES,1085,2008,11813.0
6329,AL,MACON,1087,2008,21597.0
6330,AL,MADISON,1089,2008,323526.0
6331,AL,MARENGO,1091,2008,21331.0
6332,AL,MARION,1093,2008,30918.0
6333,AL,MARSHALL,1095,2008,91072.0
6334,AL,MOBILE,1097,2008,409196.0
6335,AL,MONROE,1099,2008,23393.0
6336,AL,MONTGOMERY,1101,2008,227461.0
6337,AL,MORGAN,1103,2008,117694.0
6338,AL,PERRY,1105,2008,10722.0
6339,AL,PICKENS,1107,2008,19951.0
6340,AL,PIKE,1109,2008,32149.0
6341,AL,RANDOLPH,1111,2008,22946.0
6342,AL,RUSSELL,1113,2008,51434.0
6343,AL,SAINT CLAIR,1115,2008,81223.0
6344,AL,SHELBY,1117,2008,188534.0
6345,AL,SUMTER,1119,2008,13882.0
6346,AL,TALLADEGA,1121,2008,82735.0
6347,AL,TALLAPOOSA,1123,2008,41668.0
6348,AL,TUSCALOOSA,1125,2008,188093.0
6349,AL,WALKER,1127,2008,67835.0
6350,AL,WASHINGTON,1129,2008,17496.0
6351,AL,WILCOX,1131,2008,12148.0
6352,AL,WINSTON,1133,2008,24696.0
6380,AZ,APACHE,4001,2008,69883.0
6381,AZ,COCHISE,4003,2008,129023.0
6382,AZ,COCONINO,4005,2008,131853.0
6383,AZ,GILA,4007,2008,53437.0
6384,AZ,GRAHAM,4009,2008,36639.0
6385,AZ,GREENLEE,4011,2008,8561.0
6386,AZ,LA PAZ,4012,2008,20555.0
6387,AZ,MARICOPA,4013,2008,3771061.0
6388,AZ,MOHAVE,4015,2008,200078.0
6389,AZ,NAVAJO,4017,2008,107626.0
6390,AZ,PIMA,4019,2008,967778.0
6391,AZ,PINAL,4021,2008,335311.0
6392,AZ,SANTA CRUZ,4023,2008,46144.0
6393,AZ,YAVAPAI,4025,2008,211211.0
6394,AZ,YUMA,4027,2008,191202.0
6469,CA,ALAMEDA,6001,2008,1477208.0
6470,CA,ALPINE,6003,2008,1202.0
6471,CA,AMADOR,6005,2008,38248.0
6472,CA,BUTTE,6007,2008,219034.0
6473,CA,CALAVERAS,6009,2008,46265.0
6474,CA,COLUSA,6011,2008,21134.0
6475,CA,CONTRA COSTA,6013,2008,1023344.0
6476,CA,DEL NORTE,6015,2008,28496.0
6477,CA,EL DORADO,6017,2008,179150.0
6478,CA,FRESNO,6019,2008,909630.0
6479,CA,GLENN,6021,2008,28019.0
6480,CA,HUMBOLDT,6023,2008,132657.0
6481,CA,IMPERIAL,6025,2008,167917.0
6482,CA,INYO,6027,2008,18318.0
6483,CA,KERN,6029,2008,818327.0
6484,CA,KINGS,6031,2008,152027.0
6485,CA,LAKE,6033,2008,64392.0
6486,CA,LASSEN,6035,2008,35221.0
6487,CA,LOS ANGELES,6037,2008,9735147.0
6488,CA,MADERA,6039,2008,148359.0
6489,CA,MARIN,6041,2008,248398.0
6490,CA,MARIPOSA,6043,2008,18412.0
6491,CA,MENDOCINO,6045,2008,87468.0
6492,CA,MERCED,6047,2008,250538.0
6493,CA,MODOC,6049,2008,9551.0
6494,CA,MONO,6051,2008,13862.0
6495,CA,MONTEREY,6053,2008,406022.0
6496,CA,NAPA,6055,2008,134093.0
6497,CA,NEVADA,6057,2008,98200.0
6498,CA,ORANGE,6059,2008,2957593.0
6499,CA,PLACER,6061,2008,337568.0
6500,CA,PLUMAS,6063,2008,20410.0
6501,CA,RIVERSIDE,6065,2008,2109712.0
6502,CA,SACRAMENTO,6067,2008,1394438.0
6503,CA,SAN BENITO,6069,2008,54267.0
6504,CA,SAN BERNARDINO,6071,2008,2003735.0
6505,CA,SAN DIEGO,6073,2008,3022116.0
6506,CA,SAN FRANCISCO,6075,2008,791152.0
6507,CA,SAN JOAQUIN,6077,2008,671692.0
6508,CA,SAN LUIS OBISPO,6079,2008,266358.0
6509,CA,SAN MATEO,6081,2008,703830.0
6510,CA,SANTA BARBARA,6083,2008,415859.0
6511,CA,SANTA CLARA,6085,2008,1740964.0
6512,CA,SANTA CRUZ,6087,2008,256520.0
6513,CA,SHASTA,6089,2008,177247.0
6514,CA,SIERRA,6091,2008,3320.0
6515,CA,SISKIYOU,6093,2008,44780.0
6516,CA,SOLANO,6095,2008,408972.0
6517,CA,SONOMA,6097,2008,473091.0
6518,CA,STANISLAUS,6099,2008,509032.0
6519,CA,SUTTER,6101,2008,93855.0
6520,CA,TEHAMA,6103,2008,62648.0
6521,CA,TRINITY,6105,2008,13656.0
6522,CA,TULARE,6107,2008,429283.0
6523,CA,TUOLUMNE,6109,2008,56320.0
6524,CA,VENTURA,6111,2008,806353.0
6525,CA,YOLO,6113,2008,197154.0
6526,CA,YUBA,6115,2008,71773.0
6603,FL,ALACHUA,12001,2008,244888.0
6604,FL,BAKER,12003,2008,26725.0
6605,FL,BAY,12005,2008,166267.0
6606,FL,BRADFORD,12007,2008,28961.0
6607,FL,BREVARD,12009,2008,542378.0
6608,FL,BROWARD,12011,2008,1723633.0
6609,FL,CALHOUN,12013,2008,14351.0
6610,FL,CHARLOTTE,12015,2008,160467.0
6611,FL,CITRUS,12017,2008,142122.0
6612,FL,CLAY,12019,2008,187289.0
6613,FL,COLLIER,12021,2008,316641.0
6614,FL,COLUMBIA,12023,2008,67318.0
6615,FL,DE SOTO,12027,2008,34374.0
6616,FL,DIXIE,12029,2008,16214.0
6617,FL,DUVAL,12031,2008,855437.0
6618,FL,ESCAMBIA,12033,2008,296854.0
6619,FL,FLAGLER,12035,2008,93546.0
6620,FL,FRANKLIN,12037,2008,11484.0
6621,FL,GADSDEN,12039,2008,46319.0
6622,FL,GILCHRIST,12041,2008,16797.0
6623,FL,GLADES,12043,2008,12752.0
6624,FL,GULF,12045,2008,15851.0
6625,FL,HAMILTON,12047,2008,14785.0
6626,FL,HARDEE,12049,2008,27603.0
6627,FL,HENDRY,12051,2008,39177.0
6628,FL,HERNANDO,12053,2008,172437.0
6629,FL,HIGHLANDS,12055,2008,99568.0
6630,FL,HILLSBOROUGH,12057,2008,1196773.0
6631,FL,HOLMES,12059,2008,20141.0
6632,FL,INDIAN RIVER,12061,2008,136277.0
6633,FL,JACKSON,12063,2008,50272.0
6634,FL,JEFFERSON,12065,2008,14606.0
6635,FL,LAFAYETTE,12067,2008,8465.0
6636,FL,LAKE,12069,2008,293654.0
6637,FL,LEE,12071,2008,610984.0
6638,FL,LEON,12073,2008,271130.0
6639,FL,LEVY,12075,2008,40809.0
6640,FL,LIBERTY,12077,2008,8323.0
6641,FL,MADISON,12079,2008,19347.0
6642,FL,MANATEE,12081,2008,318766.0
6643,FL,MARION,12083,2008,330052.0
6644,FL,MARTIN,12085,2008,144369.0
6645,FL,MIAMI-DADE,12086,2008,2436062.0
6646,FL,MONROE,12087,2008,72730.0
6647,FL,NASSAU,12089,2008,71557.0
6648,FL,OKALOOSA,12091,2008,181752.0
6649,FL,OKEECHOBEE,12093,2008,39968.0
6650,FL,ORANGE,12095,2008,1115525.0
6651,FL,OSCEOLA,12097,2008,261746.0
6652,FL,PALM BEACH,12099,2008,1294938.0
6653,FL,PASCO,12101,2008,461313.0
6654,FL,PINELLAS,12103,2008,916458.0
6655,FL,POLK,12105,2008,594801.0
6656,FL,PUTNAM,12107,2008,74999.0
6657,FL,SAINT JOHNS,12109,2008,181720.0
6658,FL,SAINT LUCIE,12111,2008,273151.0
6659,FL,SANTA ROSA,12113,2008,148538.0
6660,FL,SARASOTA,12115,2008,377178.0
6661,FL,SEMINOLE,12117,2008,416564.0
6662,FL,SUMTER,12119,2008,86433.0
6663,FL,SUWANNEE,12121,2008,40774.0
6664,FL,TAYLOR,12123,2008,22356.0
6665,FL,UNION,12125,2008,15718.0
6666,FL,VOLUSIA,12127,2008,497366.0
6667,FL,WAKULLA,12129,2008,29183.0
6668,FL,WALTON,12131,2008,53563.0
6669,FL,WASHINGTON,12133,2008,24706.0
6670,GA,APPLING,13001,2008,18133.0
6671,GA,ATKINSON,13003,2008,8366.0
6672,GA,BACON,13005,2008,10987.0
6673,GA,BAKER,13007,2008,3728.0
6674,GA,BALDWIN,13009,2008,47855.0
6675,GA,BANKS,13011,2008,17953.0
6676,GA,BARROW,13013,2008,67362.0
6677,GA,BARTOW,13015,2008,98415.0
6678,GA,BEN HILL,13017,2008,17675.0
6679,GA,BERRIEN,13019,2008,18863.0
6680,GA,BIBB,13021,2008,154384.0
6681,GA,BLECKLEY,13023,2008,12985.0
6682,GA,BRANTLEY,13025,2008,17593.0
6683,GA,BROOKS,13027,2008,16475.0
6684,GA,BRYAN,13029,2008,29178.0
6685,GA,BULLOCH,13031,2008,67092.0
6686,GA,BURKE,13033,2008,23084.0
6687,GA,BUTTS,13035,2008,23794.0
6688,GA,CALHOUN,13037,2008,6456.0
6689,GA,CAMDEN,13039,2008,49713.0
6690,GA,CANDLER,13043,2008,10691.0
6691,GA,CARROLL,13045,2008,110242.0
6692,GA,CATOOSA,13047,2008,63271.0
6693,GA,CHARLTON,13049,2008,12604.0
6694,GA,CHATHAM,13051,2008,255269.0
6695,GA,CHATTAHOOCHEE,13053,2008,11624.0
6696,GA,CHATTOOGA,13055,2008,26146.0
6697,GA,CHEROKEE,13057,2008,208271.0
6698,GA,CLARKE,13059,2008,115768.0
6699,GA,CLAY,13061,2008,3233.0
6700,GA,CLAYTON,13063,2008,262099.0
6701,GA,CLINCH,13065,2008,6941.0
6702,GA,COBB,13067,2008,679822.0
6703,GA,COFFEE,13069,2008,41813.0
6704,GA,COLQUITT,13071,2008,44872.0
6705,GA,COLUMBIA,13073,2008,117504.0
6706,GA,COOK,13075,2008,17067.0
6707,GA,COWETA,13077,2008,122281.0
6708,GA,CRAWFORD,13079,2008,12967.0
6709,GA,CRISP,13081,2008,23243.0
6710,GA,DADE,13083,2008,16651.0
6711,GA,DAWSON,13085,2008,21951.0
6712,GA,DECATUR,13087,2008,28010.0
6713,GA,DEKALB,13089,2008,685646.0
6714,GA,DODGE,13091,2008,21399.0
6715,GA,DOOLY,13093,2008,14191.0
6716,GA,DOUGHERTY,13095,2008,94363.0
6717,GA,DOUGLAS,13097,2008,129508.0
6718,GA,EARLY,13099,2008,11262.0
6719,GA,ECHOLS,13101,2008,3954.0
6720,GA,EFFINGHAM,13103,2008,50738.0
6721,GA,ELBERT,13105,2008,20477.0
6722,GA,EMANUEL,13107,2008,22421.0
6723,GA,EVANS,13109,2008,11020.0
6724,GA,FANNIN,13111,2008,23416.0
6725,GA,FAYETTE,13113,2008,105192.0
6726,GA,FLOYD,13115,2008,95922.0
6727,GA,FORSYTH,13117,2008,166338.0
6728,GA,FRANKLIN,13119,2008,22254.0
6729,GA,FULTON,13121,2008,888694.0
6730,GA,GILMER,13123,2008,28211.0
6731,GA,GLASCOCK,13125,2008,3010.0
6732,GA,GLYNN,13127,2008,78013.0
6733,GA,GORDON,13129,2008,54567.0
6734,GA,GRADY,13131,2008,24728.0
6735,GA,GREENE,13133,2008,15869.0
6736,GA,GWINNETT,13135,2008,780721.0
6737,GA,HABERSHAM,13137,2008,42550.0
6738,GA,HALL,13139,2008,177277.0
6739,GA,HANCOCK,13141,2008,9808.0
6740,GA,HARALSON,13143,2008,28645.0
6741,GA,HARRIS,13145,2008,30807.0
6742,GA,HART,13147,2008,25138.0
6743,GA,HEARD,13149,2008,11809.0
6744,GA,HENRY,13151,2008,194658.0
6745,GA,HOUSTON,13153,2008,134922.0
6746,GA,IRWIN,13155,2008,9803.0
6747,GA,JACKSON,13157,2008,59420.0
6748,GA,JASPER,13159,2008,13769.0
6749,GA,JEFF DAVIS,13161,2008,14577.0
6750,GA,JEFFERSON,13163,2008,16925.0
6751,GA,JENKINS,13165,2008,8340.0
6752,GA,JOHNSON,13167,2008,10127.0
6753,GA,JONES,13169,2008,28552.0
6754,GA,LAMAR,13171,2008,18025.0
6755,GA,LANIER,13173,2008,9560.0
6756,GA,LAURENS,13175,2008,48192.0
6757,GA,LEE,13177,2008,28111.0
6758,GA,LIBERTY,13179,2008,62635.0
6759,GA,LINCOLN,13181,2008,8156.0
6760,GA,LONG,13183,2008,12744.0
6761,GA,LOWNDES,13185,2008,104918.0
6762,GA,LUMPKIN,13187,2008,29128.0
6763,GA,MCDUFFIE,13189,2008,21790.0
6764,GA,MCINTOSH,13191,2008,13973.0
6765,GA,MACON,13193,2008,14496.0
6766,GA,MADISON,13195,2008,27820.0
6767,GA,MARION,13197,2008,8357.0
6768,GA,MERIWETHER,13199,2008,22632.0
6769,GA,MILLER,13201,2008,6158.0
6770,GA,MITCHELL,13205,2008,23840.0
6771,GA,MONROE,13207,2008,25969.0
6772,GA,MONTGOMERY,13209,2008,9100.0
6773,GA,MORGAN,13211,2008,17958.0
6774,GA,MURRAY,13213,2008,39869.0
6775,GA,MUSCOGEE,13215,2008,184763.0
6776,GA,NEWTON,13217,2008,98240.0
6777,GA,OCONEE,13219,2008,31697.0
6778,GA,OGLETHORPE,13221,2008,14663.0
6779,GA,PAULDING,13223,2008,137066.0
6780,GA,PEACH,13225,2008,27222.0
6781,GA,PICKENS,13227,2008,29531.0
6782,GA,PIERCE,13229,2008,18210.0
6783,GA,PIKE,13231,2008,17619.0
6784,GA,POLK,13233,2008,41407.0
6785,GA,PULASKI,13235,2008,11638.0
6786,GA,PUTNAM,13237,2008,21075.0
6787,GA,QUITMAN,13239,2008,2547.0
6788,GA,RABUN,13241,2008,16359.0
6789,GA,RANDOLPH,13243,2008,7645.0
6790,GA,RICHMOND,13245,2008,198423.0
6791,GA,ROCKDALE,13247,2008,83558.0
6792,GA,SCHLEY,13249,2008,4835.0
6793,GA,SCREVEN,13251,2008,14843.0
6794,GA,SEMINOLE,13253,2008,8827.0
6795,GA,SPALDING,13255,2008,63651.0
6796,GA,STEPHENS,13257,2008,26004.0
6797,GA,STEWART,13259,2008,5814.0
6798,GA,SUMTER,13261,2008,33012.0
6799,GA,TALBOT,13263,2008,6899.0
6800,GA,TALIAFERRO,13265,2008,1820.0
6801,GA,TATTNALL,13267,2008,23801.0
6802,GA,TAYLOR,13269,2008,8945.0
6803,GA,TELFAIR,13271,2008,16230.0
6804,GA,TERRELL,13273,2008,9648.0
6805,GA,THOMAS,13275,2008,44627.0
6806,GA,TIFT,13277,2008,39806.0
6807,GA,TOOMBS,13279,2008,27345.0
6808,GA,TOWNS,13281,2008,10485.0
6809,GA,TREUTLEN,13283,2008,6847.0
6810,GA,TROUP,13285,2008,65860.0
6811,GA,TURNER,13287,2008,9029.0
6812,GA,TWIGGS,13289,2008,9442.0
6813,GA,UNION,13291,2008,21285.0
6814,GA,UPSON,13293,2008,27321.0
6815,GA,WALKER,13295,2008,68103.0
6816,GA,WALTON,13297,2008,82602.0
6817,GA,WARE,13299,2008,36065.0
6818,GA,WARREN,13301,2008,5942.0
6819,GA,WASHINGTON,13303,2008,21202.0
6820,GA,WAYNE,13305,2008,30042.0
6821,GA,WEBSTER,13307,2008,2710.0
6822,GA,WHEELER,13309,2008,7018.0
6823,GA,WHITE,13311,2008,26626.0
6824,GA,WHITFIELD,13313,2008,100546.0
6825,GA,WILCOX,13315,2008,9023.0
6826,GA,WILKES,13317,2008,10630.0
6827,GA,WILKINSON,13319,2008,9691.0
6828,GA,WORTH,13321,2008,21701.0
6833,ID,ADA,16001,2008,382618.0
6834,ID,ADAMS,16003,2008,4021.0
6835,ID,BANNOCK,16005,2008,80609.0
6836,ID,BEAR LAKE,16007,2008,6027.0
6837,ID,BENEWAH,16009,2008,9385.0
6838,ID,BINGHAM,16011,2008,44414.0
6839,ID,BLAINE,16013,2008,21477.0
6840,ID,BOISE,16015,2008,7148.0
6841,ID,BONNER,16017,2008,40966.0
6842,ID,BONNEVILLE,16019,2008,100811.0
6843,ID,BOUNDARY,16021,2008,10831.0
6844,ID,BUTTE,16023,2008,2846.0
6845,ID,CAMAS,16025,2008,1120.0
6846,ID,CANYON,16027,2008,184996.0
6847,ID,CARIBOU,16029,2008,6840.0
6848,ID,CASSIA,16031,2008,22134.0
6849,ID,CLARK,16033,2008,981.0
6850,ID,CLEARWATER,16035,2008,8764.0
6851,ID,CUSTER,16037,2008,4300.0
6852,ID,ELMORE,16039,2008,26930.0
6853,ID,FRANKLIN,16041,2008,12570.0
6854,ID,FREMONT,16043,2008,13112.0
6855,ID,GEM,16045,2008,16941.0
6856,ID,GOODING,16047,2008,15216.0
6857,ID,IDAHO,16049,2008,15896.0
6858,ID,JEFFERSON,16051,2008,24696.0
6859,ID,JEROME,16053,2008,21217.0
6860,ID,KOOTENAI,16055,2008,135627.0
6861,ID,LATAH,16057,2008,36524.0
6862,ID,LEMHI,16059,2008,7902.0
6863,ID,LEWIS,16061,2008,3739.0
6864,ID,LINCOLN,16063,2008,5041.0
6865,ID,MADISON,16065,2008,36564.0
6866,ID,MINIDOKA,16067,2008,19393.0
6867,ID,NEZ PERCE,16069,2008,38810.0
6868,ID,ONEIDA,16071,2008,4201.0
6869,ID,OWYHEE,16073,2008,11515.0
6870,ID,PAYETTE,16075,2008,22618.0
6871,ID,POWER,16077,2008,7564.0
6872,ID,SHOSHONE,16079,2008,13031.0
6873,ID,TETON,16081,2008,9627.0
6874,ID,TWIN FALLS,16083,2008,75143.0
6875,ID,VALLEY,16085,2008,10060.0
6876,ID,WASHINGTON,16087,2008,10095.0
7683,MS,ADAMS,28001,2008,32629.0
7684,MS,ALCORN,28003,2008,36793.0
7685,MS,AMITE,28005,2008,13324.0
7686,MS,ATTALA,28007,2008,19622.0
7687,MS,BENTON,28009,2008,8769.0
7688,MS,BOLIVAR,28011,2008,35032.0
7689,MS,CALHOUN,28013,2008,14912.0
7690,MS,CARROLL,28015,2008,10694.0
7691,MS,CHICKASAW,28017,2008,17639.0
7692,MS,CHOCTAW,28019,2008,8703.0
7693,MS,CLAIBORNE,28021,2008,9940.0
7694,MS,CLARKE,28023,2008,16772.0
7695,MS,CLAY,28025,2008,20878.0
7696,MS,COAHOMA,28027,2008,26549.0
7697,MS,COPIAH,28029,2008,29584.0
7698,MS,COVINGTON,28031,2008,19594.0
7699,MS,DESOTO,28033,2008,156214.0
7700,MS,FORREST,28035,2008,74196.0
7701,MS,FRANKLIN,28037,2008,8136.0
7702,MS,GEORGE,28039,2008,22193.0
7703,MS,GREENE,28041,2008,14293.0
7704,MS,GRENADA,28043,2008,22194.0
7705,MS,HANCOCK,28045,2008,42764.0
7706,MS,HARRISON,28047,2008,182735.0
7707,MS,HINDS,28049,2008,244695.0
7708,MS,HOLMES,28051,2008,19755.0
7709,MS,HUMPHREYS,28053,2008,9691.0
7710,MS,ISSAQUENA,28055,2008,1521.0
7711,MS,ITAWAMBA,28057,2008,23412.0
7712,MS,JACKSON,28059,2008,137791.0
7713,MS,JASPER,28061,2008,17550.0
7714,MS,JEFFERSON,28063,2008,7927.0
7715,MS,JEFFERSON DAVIS,28065,2008,12636.0
7716,MS,JONES,28067,2008,67318.0
7717,MS,KEMPER,28069,2008,10392.0
7718,MS,LAFAYETTE,28071,2008,45781.0
7719,MS,LAMAR,28073,2008,52772.0
7720,MS,LAUDERDALE,28075,2008,79665.0
7721,MS,LAWRENCE,28077,2008,13038.0
7722,MS,LEAKE,28079,2008,23641.0
7723,MS,LEE,28081,2008,81501.0
7724,MS,LEFLORE,28083,2008,33329.0
7725,MS,LINCOLN,28085,2008,34724.0
7726,MS,LOWNDES,28087,2008,59160.0
7727,MS,MADISON,28089,2008,92274.0
7728,MS,MARION,28091,2008,26825.0
7729,MS,MARSHALL,28093,2008,37351.0
7730,MS,MONROE,28095,2008,37453.0
7731,MS,MONTGOMERY,28097,2008,11067.0
7732,MS,NESHOBA,28099,2008,29562.0
7733,MS,NEWTON,28101,2008,21851.0
7734,MS,NOXUBEE,28103,2008,11823.0
7735,MS,OKTIBBEHA,28105,2008,46470.0
7736,MS,PANOLA,28107,2008,34923.0
7737,MS,PEARL RIVER,28109,2008,56538.0
7738,MS,PERRY,28111,2008,12337.0
7739,MS,PIKE,28113,2008,40290.0
7740,MS,PONTOTOC,28115,2008,29475.0
7741,MS,PRENTISS,28117,2008,25481.0
7742,MS,QUITMAN,28119,2008,8501.0
7743,MS,RANKIN,28121,2008,139136.0
7744,MS,SCOTT,28123,2008,28098.0
7745,MS,SHARKEY,28125,2008,5191.0
7746,MS,SIMPSON,28127,2008,27682.0
7747,MS,SMITH,28129,2008,16345.0
7748,MS,STONE,28131,2008,17084.0
7749,MS,SUNFLOWER,28133,2008,30614.0
7750,MS,TALLAHATCHIE,28135,2008,15225.0
7751,MS,TATE,28137,2008,28222.0
7752,MS,TIPPAH,28139,2008,21982.0
7753,MS,TISHOMINGO,28141,2008,19524.0
7754,MS,TUNICA,28143,2008,10910.0
7755,MS,UNION,28145,2008,26931.0
7756,MS,WALTHALL,28147,2008,15622.0
7757,MS,WARREN,28149,2008,48457.0
7758,MS,WASHINGTON,28151,2008,52236.0
7759,MS,WAYNE,28153,2008,20963.0
7760,MS,WEBSTER,28155,2008,10204.0
7761,MS,WILKINSON,28157,2008,10061.0
7762,MS,WINSTON,28159,2008,19342.0
7763,MS,YALOBUSHA,28161,2008,12857.0
7764,MS,YAZOO,28163,2008,28441.0
7765,MO,ADAIR,29001,2008,25399.0
7766,MO,ANDREW,29003,2008,16924.0
7767,MO,ATCHISON,29005,2008,5798.0
7768,MO,AUDRAIN,29007,2008,25774.0
7769,MO,BARRY,29009,2008,35935.0
7770,MO,BARTON,29011,2008,12589.0
7771,MO,BATES,29013,2008,17194.0
7772,MO,BENTON,29015,2008,19046.0
7773,MO,BOLLINGER,29017,2008,12429.0
7774,MO,BOONE,29019,2008,158089.0
7775,MO,BUCHANAN,29021,2008,88317.0
7776,MO,BUTLER,29023,2008,42351.0
7777,MO,CALDWELL,29025,2008,9359.0
7778,MO,CALLAWAY,29027,2008,43855.0
7779,MO,CAMDEN,29029,2008,43462.0
7780,MO,CAPE GIRARDEAU,29031,2008,74141.0
7781,MO,CARROLL,29033,2008,9451.0
7782,MO,CARTER,29035,2008,6122.0
7783,MO,CASS,29037,2008,98095.0
7784,MO,CEDAR,29039,2008,14120.0
7785,MO,CHARITON,29041,2008,7829.0
7786,MO,CHRISTIAN,29043,2008,74705.0
7787,MO,CLARK,29045,2008,7168.0
7788,MO,CLAY,29047,2008,215142.0
7789,MO,CLINTON,29049,2008,20781.0
7790,MO,COLE,29051,2008,74760.0
7791,MO,COOPER,29053,2008,17502.0
7792,MO,CRAWFORD,29055,2008,24698.0
7793,MO,DADE,29057,2008,7951.0
7794,MO,DALLAS,29059,2008,16955.0
7795,MO,DAVIESS,29061,2008,8330.0
7796,MO,DEKALB,29063,2008,12833.0
7797,MO,DENT,29065,2008,15495.0
7798,MO,DOUGLAS,29067,2008,13800.0
7799,MO,DUNKLIN,29069,2008,32158.0
7800,MO,FRANKLIN,29071,2008,101149.0
7801,MO,GASCONADE,29073,2008,15309.0
7802,MO,GENTRY,29075,2008,6806.0
7803,MO,GREENE,29077,2008,270901.0
7804,MO,GRUNDY,29079,2008,10196.0
7805,MO,HARRISON,29081,2008,8956.0
7806,MO,HENRY,29083,2008,22291.0
7807,MO,HICKORY,29085,2008,9592.0
7808,MO,HOLT,29087,2008,4926.0
7809,MO,HOWARD,29089,2008,10138.0
7810,MO,HOWELL,29091,2008,39910.0
7811,MO,IRON,29093,2008,10667.0
7812,MO,JACKSON,29095,2008,665427.0
7813,MO,JASPER,29097,2008,115144.0
7814,MO,JEFFERSON,29099,2008,216409.0
7815,MO,JOHNSON,29101,2008,51889.0
7816,MO,KNOX,29103,2008,4117.0
7817,MO,LACLEDE,29105,2008,35518.0
7818,MO,LAFAYETTE,29107,2008,33434.0
7819,MO,LAWRENCE,29109,2008,38508.0
7820,MO,LEWIS,29111,2008,10196.0
7821,MO,LINCOLN,29113,2008,51847.0
7822,MO,LINN,29115,2008,12788.0
7823,MO,LIVINGSTON,29117,2008,14929.0
7824,MO,MCDONALD,29119,2008,22943.0
7825,MO,MACON,29121,2008,15512.0
7826,MO,MADISON,29123,2008,12396.0
7827,MO,MARIES,29125,2008,9191.0
7828,MO,MARION,29127,2008,28550.0
7829,MO,MERCER,29129,2008,3748.0
7830,MO,MILLER,29131,2008,24867.0
7831,MO,MISSISSIPPI,29133,2008,14087.0
7832,MO,MONITEAU,29135,2008,15424.0
7833,MO,MONROE,29137,2008,9157.0
7834,MO,MONTGOMERY,29139,2008,12273.0
7835,MO,MORGAN,29141,2008,20745.0
7836,MO,NEW MADRID,29143,2008,18805.0
7837,MO,NEWTON,29145,2008,57600.0
7838,MO,NODAWAY,29147,2008,23026.0
7839,MO,OREGON,29149,2008,10697.0
7840,MO,OSAGE,29151,2008,13753.0
7841,MO,OZARK,29153,2008,9718.0
7842,MO,PEMISCOT,29155,2008,18552.0
7843,MO,PERRY,29157,2008,18976.0
7844,MO,PETTIS,29159,2008,41565.0
7845,MO,PHELPS,29161,2008,44200.0
7846,MO,PIKE,29163,2008,18602.0
7847,MO,PLATTE,29165,2008,87003.0
7848,MO,POLK,29167,2008,30790.0
7849,MO,PULASKI,29169,2008,48300.0
7850,MO,PUTNAM,29171,2008,5028.0
7851,MO,RALLS,29173,2008,10117.0
7852,MO,RANDOLPH,29175,2008,25597.0
7853,MO,RAY,29177,2008,23764.0
7854,MO,REYNOLDS,29179,2008,6688.0
7855,MO,RIPLEY,29181,2008,14039.0
7856,MO,SAINT CHARLES,29183,2008,351179.0
7857,MO,SAINT CLAIR,29185,2008,9757.0
7858,MO,SAINTE GENEVIEVE,29186,2008,18186.0
7859,MO,SAINT FRANCOIS,29187,2008,64280.0
7860,MO,SAINT LOUIS,29189,2008,998331.0
7861,MO,SALINE,29195,2008,22967.0
7862,MO,SCHUYLER,29197,2008,4383.0
7863,MO,SCOTLAND,29199,2008,4818.0
7864,MO,SCOTT,29201,2008,39293.0
7865,MO,SHANNON,29203,2008,8420.0
7866,MO,SHELBY,29205,2008,6421.0
7867,MO,STODDARD,29207,2008,30062.0
7868,MO,STONE,29209,2008,32119.0
7869,MO,SULLIVAN,29211,2008,6736.0
7870,MO,TANEY,29213,2008,49711.0
7871,MO,TEXAS,29215,2008,25597.0
7872,MO,VERNON,29217,2008,20891.0
7873,MO,WARREN,29219,2008,31975.0
7874,MO,WASHINGTON,29221,2008,25113.0
7875,MO,WAYNE,29223,2008,13397.0
7876,MO,WEBSTER,29225,2008,35938.0
7877,MO,WORTH,29227,2008,2166.0
7878,MO,WRIGHT,29229,2008,18904.0
7879,MO,SAINT LOUIS CITY,29510,2008,317955.0
8077,NM,BERNALILLO,35001,2008,646879.0
8078,NM,CATRON,35003,2008,3631.0
8079,NM,CHAVES,35005,2008,64378.0
8080,NM,CIBOLA,35006,2008,27259.0
8081,NM,COLFAX,35007,2008,13764.0
8082,NM,CURRY,35009,2008,45512.0
8083,NM,DE BACA,35011,2008,2000.0
8084,NM,DONA ANA,35013,2008,200855.0
8085,NM,EDDY,35015,2008,52566.0
8086,NM,GRANT,35017,2008,29921.0
8087,NM,GUADALUPE,35019,2008,4701.0
8088,NM,HARDING,35021,2008,690.0
8089,NM,HIDALGO,35023,2008,5022.0
8090,NM,LEA,35025,2008,62737.0
8091,NM,LINCOLN,35027,2008,20458.0
8092,NM,LOS ALAMOS,35028,2008,17924.0
8093,NM,LUNA,35029,2008,25375.0
8094,NM,MCKINLEY,35031,2008,70449.0
8095,NM,MORA,35033,2008,4909.0
8096,NM,OTERO,35035,2008,62498.0
8097,NM,QUAY,35037,2008,8978.0
8098,NM,RIO ARRIBA,35039,2008,40008.0
8099,NM,ROOSEVELT,35041,2008,19074.0
8100,NM,SANDOVAL,35043,2008,125368.0
8101,NM,SAN JUAN,35045,2008,126905.0
8102,NM,SAN MIGUEL,35047,2008,29234.0
8103,NM,SANTA FE,35049,2008,141704.0
8104,NM,SIERRA,35051,2008,11914.0
8105,NM,SOCORRO,35053,2008,17966.0
8106,NM,TAOS,35055,2008,32467.0
8107,NM,TORRANCE,35057,2008,16257.0
8108,NM,UNION,35059,2008,4380.0
8109,NM,VALENCIA,35061,2008,74879.0
8490,OR,BAKER,41001,2008,16195.0
8491,OR,BENTON,41003,2008,84150.0
8492,OR,CLACKAMAS,41005,2008,371103.0
8493,OR,CLATSOP,41007,2008,36825.0
8494,OR,COLUMBIA,41009,2008,49209.0
8495,OR,COOS,41011,2008,63226.0
8496,OR,CROOK,41013,2008,21811.0
8497,OR,CURRY,41015,2008,22305.0
8498,OR,DESCHUTES,41017,2008,156820.0
8499,OR,DOUGLAS,41019,2008,107316.0
8500,OR,GILLIAM,41021,2008,1886.0
8501,OR,GRANT,41023,2008,7303.0
8502,OR,HARNEY,41025,2008,7375.0
8503,OR,HOOD RIVER,41027,2008,21589.0
8504,OR,JACKSON,41029,2008,201162.0
8505,OR,JEFFERSON,41031,2008,21885.0
8506,OR,JOSEPHINE,41033,2008,82389.0
8507,OR,KLAMATH,41035,2008,66732.0
8508,OR,LAKE,41037,2008,7961.0
8509,OR,LANE,41039,2008,348176.0
8510,OR,LINCOLN,41041,2008,45915.0
8511,OR,LINN,41043,2008,114967.0
8512,OR,MALHEUR,41045,2008,31311.0
8513,OR,MARION,41047,2008,309729.0
8514,OR,MORROW,41049,2008,11002.0
8515,OR,MULTNOMAH,41051,2008,712989.0
8516,OR,POLK,41053,2008,74346.0
8517,OR,SHERMAN,41055,2008,1691.0
8518,OR,TILLAMOOK,41057,2008,25151.0
8519,OR,UMATILLA,41059,2008,74488.0
8520,OR,UNION,41061,2008,25473.0
8521,OR,WALLOWA,41063,2008,6900.0
8522,OR,WASCO,41065,2008,24617.0
8523,OR,WASHINGTON,41067,2008,515815.0
8524,OR,WHEELER,41069,2008,1399.0
8525,OR,YAMHILL,41071,2008,97537.0
8805,TX,ANDERSON,48001,2008,57963.0
8806,TX,ANDREWS,48003,2008,14099.0
8807,TX,ANGELINA,48005,2008,84961.0
8808,TX,ARANSAS,48007,2008,23225.0
8809,TX,ARCHER,48009,2008,9104.0
8810,TX,ARMSTRONG,48011,2008,1936.0
8811,TX,ATASCOSA,48013,2008,43947.0
8812,TX,AUSTIN,48015,2008,27935.0
8813,TX,BAILEY,48017,2008,6979.0
8814,TX,BANDERA,48019,2008,20407.0
8815,TX,BASTROP,48021,2008,72389.0
8816,TX,BAYLOR,48023,2008,3747.0
8817,TX,BEE,48025,2008,31814.0
8818,TX,BELL,48027,2008,297873.0
8819,TX,BEXAR,48029,2008,1651709.0
8820,TX,BLANCO,48031,2008,10061.0
8821,TX,BORDEN,48033,2008,612.0
8822,TX,BOSQUE,48035,2008,17939.0
8823,TX,BOWIE,48037,2008,91349.0
8824,TX,BRAZORIA,48039,2008,301336.0
8825,TX,BRAZOS,48041,2008,185098.0
8826,TX,BREWSTER,48043,2008,8868.0
8827,TX,BRISCOE,48045,2008,1651.0
8828,TX,BROOKS,48047,2008,7345.0
8829,TX,BROWN,48049,2008,38135.0
8830,TX,BURLESON,48051,2008,17025.0
8831,TX,BURNET,48053,2008,42477.0
8832,TX,CALDWELL,48055,2008,37671.0
8833,TX,CALHOUN,48057,2008,21127.0
8834,TX,CALLAHAN,48059,2008,13474.0
8835,TX,CAMERON,48061,2008,393000.0
8836,TX,CAMP,48063,2008,12331.0
8837,TX,CARSON,48065,2008,6260.0
8838,TX,CASS,48067,2008,30217.0
8839,TX,CASTRO,48069,2008,7758.0
8840,TX,CHAMBERS,48071,2008,31619.0
8841,TX,CHEROKEE,48073,2008,49976.0
8842,TX,CHILDRESS,48075,2008,7123.0
8843,TX,CLAY,48077,2008,10843.0
8844,TX,COCHRAN,48079,2008,3100.0
8845,TX,COKE,48081,2008,3348.0
8846,TX,COLEMAN,48083,2008,8899.0
8847,TX,COLLIN,48085,2008,741264.0
8848,TX,COLLINGSWORTH,48087,2008,3017.0
8849,TX,COLORADO,48089,2008,20818.0
8850,TX,COMAL,48091,2008,103272.0
8851,TX,COMANCHE,48093,2008,13834.0
8852,TX,CONCHO,48095,2008,4108.0
8853,TX,COOKE,48097,2008,38223.0
8854,TX,CORYELL,48099,2008,74552.0
8855,TX,COTTLE,48101,2008,1527.0
8856,TX,CRANE,48103,2008,4157.0
8857,TX,CROCKETT,48105,2008,3783.0
8858,TX,CROSBY,48107,2008,6192.0
8859,TX,CULBERSON,48109,2008,2490.0
8860,TX,DALLAM,48111,2008,6506.0
8861,TX,DALLAS,48113,2008,2314018.0
8862,TX,DAWSON,48115,2008,13804.0
8863,TX,DEAF SMITH,48117,2008,19054.0
8864,TX,DELTA,48119,2008,5252.0
8865,TX,DENTON,48121,2008,630104.0
8866,TX,DE WITT,48123,2008,19902.0
8867,TX,DICKENS,48125,2008,2400.0
8868,TX,DIMMIT,48127,2008,9833.0
8869,TX,DONLEY,48129,2008,3688.0
8870,TX,DUVAL,48131,2008,11945.0
8871,TX,EASTLAND,48133,2008,18520.0
8872,TX,ECTOR,48135,2008,133064.0
8873,TX,EDWARDS,48137,2008,2084.0
8874,TX,ELLIS,48139,2008,144394.0
8875,TX,EL PASO,48141,2008,769930.0
8876,TX,ERATH,48143,2008,37137.0
8877,TX,FALLS,48145,2008,17698.0
8878,TX,FANNIN,48147,2008,33870.0
8879,TX,FAYETTE,48149,2008,24347.0
8880,TX,FISHER,48151,2008,4065.0
8881,TX,FLOYD,48153,2008,6528.0
8882,TX,FOARD,48155,2008,1334.0
8883,TX,FORT BEND,48157,2008,542957.0
8884,TX,FRANKLIN,48159,2008,10604.0
8885,TX,FREESTONE,48161,2008,19446.0
8886,TX,FRIO,48163,2008,16939.0
8887,TX,GAINES,48165,2008,16641.0
8888,TX,GALVESTON,48167,2008,288643.0
8889,TX,GARZA,48169,2008,6158.0
8890,TX,GILLESPIE,48171,2008,24206.0
8891,TX,GLASSCOCK,48173,2008,1218.0
8892,TX,GOLIAD,48175,2008,7164.0
8893,TX,GONZALES,48177,2008,19538.0
8894,TX,GRAY,48179,2008,22772.0
8895,TX,GRAYSON,48181,2008,118834.0
8896,TX,GREGG,48183,2008,119157.0
8897,TX,GRIMES,48185,2008,26273.0
8898,TX,GUADALUPE,48187,2008,123398.0
8899,TX,HALE,48189,2008,35662.0
8900,TX,HALL,48191,2008,3398.0
8901,TX,HAMILTON,48193,2008,8497.0
8902,TX,HANSFORD,48195,2008,5512.0
8903,TX,HARDEMAN,48197,2008,4187.0
8904,TX,HARDIN,48199,2008,53206.0
8905,TX,HARRIS,48201,2008,3938580.0
8906,TX,HARRISON,48203,2008,64107.0
8907,TX,HARTLEY,48205,2008,5820.0
8908,TX,HASKELL,48207,2008,5839.0
8909,TX,HAYS,48209,2008,147674.0
8910,TX,HEMPHILL,48211,2008,3680.0
8911,TX,HENDERSON,48213,2008,78033.0
8912,TX,HIDALGO,48215,2008,736694.0
8913,TX,HILL,48217,2008,34997.0
8914,TX,HOCKLEY,48219,2008,22958.0
8915,TX,HOOD,48221,2008,50112.0
8916,TX,HOPKINS,48223,2008,34472.0
8917,TX,HOUSTON,48225,2008,23635.0
8918,TX,HOWARD,48227,2008,34393.0
8919,TX,HUDSPETH,48229,2008,3374.0
8920,TX,HUNT,48231,2008,84447.0
8921,TX,HUTCHINSON,48233,2008,21851.0
8922,TX,IRION,48235,2008,1571.0
8923,TX,JACK,48237,2008,9030.0
8924,TX,JACKSON,48239,2008,13957.0
8925,TX,JASPER,48241,2008,35170.0
8926,TX,JEFF DAVIS,48243,2008,2316.0
8927,TX,JEFFERSON,48245,2008,249430.0
8928,TX,JIM HOGG,48247,2008,5198.0
8929,TX,JIM WELLS,48249,2008,40554.0
8930,TX,JOHNSON,48251,2008,148635.0
8931,TX,JONES,48253,2008,20131.0
8932,TX,KARNES,48255,2008,14867.0
8933,TX,KAUFMAN,48257,2008,99285.0
8934,TX,KENDALL,48259,2008,31754.0
8935,TX,KENEDY,48261,2008,410.0
8936,TX,KENT,48263,2008,787.0
8937,TX,KERR,48265,2008,48852.0
8938,TX,KIMBLE,48267,2008,4520.0
8939,TX,KING,48269,2008,272.0
8940,TX,KINNEY,48271,2008,3507.0
8941,TX,KLEBERG,48273,2008,31555.0
8942,TX,KNOX,48275,2008,3650.0
8943,TX,LAMAR,48277,2008,49467.0
8944,TX,LAMB,48279,2008,14036.0
8945,TX,LAMPASAS,48281,2008,19812.0
8946,TX,LA SALLE,48283,2008,6653.0
8947,TX,LAVACA,48285,2008,19185.0
8948,TX,LEE,48287,2008,16550.0
8949,TX,LEON,48289,2008,16832.0
8950,TX,LIBERTY,48291,2008,74915.0
8951,TX,LIMESTONE,48293,2008,23065.0
8952,TX,LIPSCOMB,48295,2008,3183.0
8953,TX,LIVE OAK,48297,2008,11479.0
8954,TX,LLANO,48299,2008,19034.0
8955,TX,LOVING,48301,2008,61.0
8956,TX,LUBBOCK,48303,2008,268197.0
8957,TX,LYNN,48305,2008,5932.0
8958,TX,MCCULLOCH,48307,2008,8203.0
8959,TX,MCLENNAN,48309,2008,229037.0
8960,TX,MCMULLEN,48311,2008,736.0
8961,TX,MADISON,48313,2008,13340.0
8962,TX,MARION,48315,2008,10748.0
8963,TX,MARTIN,48317,2008,4558.0
8964,TX,MASON,48319,2008,3876.0
8965,TX,MATAGORDA,48321,2008,36708.0
8966,TX,MAVERICK,48323,2008,52190.0
8967,TX,MEDINA,48325,2008,45131.0
8968,TX,MENARD,48327,2008,2217.0
8969,TX,MIDLAND,48329,2008,132502.0
8970,TX,MILAM,48331,2008,25065.0
8971,TX,MILLS,48333,2008,4876.0
8972,TX,MITCHELL,48335,2008,9285.0
8973,TX,MONTAGUE,48337,2008,19882.0
8974,TX,MONTGOMERY,48339,2008,429818.0
8975,TX,MOORE,48341,2008,20917.0
8976,TX,MORRIS,48343,2008,13092.0
8977,TX,MOTLEY,48345,2008,1197.0
8978,TX,NACOGDOCHES,48347,2008,62957.0
8979,TX,NAVARRO,48349,2008,47408.0
8980,TX,NEWTON,48351,2008,14393.0
8981,TX,NOLAN,48353,2008,15093.0
8982,TX,NUECES,48355,2008,333526.0
8983,TX,OCHILTREE,48357,2008,9962.0
8984,TX,OLDHAM,48359,2008,2004.0
8985,TX,ORANGE,48361,2008,82612.0
8986,TX,PALO PINTO,48363,2008,27916.0
8987,TX,PANOLA,48365,2008,23537.0
8988,TX,PARKER,48367,2008,112911.0
8989,TX,PARMER,48369,2008,9994.0
8990,TX,PECOS,48371,2008,15251.0
8991,TX,POLK,48373,2008,45794.0
8992,TX,POTTER,48375,2008,119740.0
8993,TX,PRESIDIO,48377,2008,7683.0
8994,TX,RAINS,48379,2008,11022.0
8995,TX,RANDALL,48381,2008,116518.0
8996,TX,REAGAN,48383,2008,3339.0
8997,TX,REAL,48385,2008,3241.0
8998,TX,RED RIVER,48387,2008,12922.0
8999,TX,REEVES,48389,2008,13211.0
9000,TX,REFUGIO,48391,2008,7430.0
9001,TX,ROBERTS,48393,2008,904.0
9002,TX,ROBERTSON,48395,2008,16535.0
9003,TX,ROCKWALL,48397,2008,73929.0
9004,TX,RUNNELS,48399,2008,10444.0
9005,TX,RUSK,48401,2008,52195.0
9006,TX,SABINE,48403,2008,10565.0
9007,TX,SAN AUGUSTINE,48405,2008,9039.0
9008,TX,SAN JACINTO,48407,2008,25889.0
9009,TX,SAN PATRICIO,48409,2008,66417.0
9010,TX,SAN SABA,48411,2008,5965.0
9011,TX,SCHLEICHER,48413,2008,3255.0
9012,TX,SCURRY,48415,2008,16478.0
9013,TX,SHACKELFORD,48417,2008,3314.0
9014,TX,SHELBY,48419,2008,25381.0
9015,TX,SHERMAN,48421,2008,3035.0
9016,TX,SMITH,48423,2008,203263.0
9017,TX,SOMERVELL,48425,2008,8233.0
9018,TX,STARR,48427,2008,59763.0
9019,TX,STEPHENS,48429,2008,9556.0
9020,TX,STERLING,48431,2008,1169.0
9021,TX,STONEWALL,48433,2008,1443.0
9022,TX,SUTTON,48435,2008,4321.0
9023,TX,SWISHER,48437,2008,7802.0
9024,TX,TARRANT,48439,2008,1745602.0
9025,TX,TAYLOR,48441,2008,128903.0
9026,TX,TERRELL,48443,2008,884.0
9027,TX,TERRY,48445,2008,12394.0
9028,TX,THROCKMORTON,48447,2008,1635.0
9029,TX,TITUS,48449,2008,30963.0
9030,TX,TOM GREEN,48451,2008,107639.0
9031,TX,TRAVIS,48453,2008,980699.0
9032,TX,TRINITY,48455,2008,14380.0
9033,TX,TYLER,48457,2008,21570.0
9034,TX,UPSHUR,48459,2008,38706.0
9035,TX,UPTON,48461,2008,3231.0
9036,TX,UVALDE,48463,2008,26206.0
9037,TX,VAL VERDE,48465,2008,47882.0
9038,TX,VAN ZANDT,48467,2008,52470.0
9039,TX,VICTORIA,48469,2008,85762.0
9040,TX,WALKER,48471,2008,65726.0
9041,TX,WALLER,48473,2008,40578.0
9042,TX,WARD,48475,2008,10588.0
9043,TX,WASHINGTON,48477,2008,32869.0
9044,TX,WEBB,48479,2008,240287.0
9045,TX,WHARTON,48481,2008,40893.0
9046,TX,WHEELER,48483,2008,5199.0
9047,TX,WICHITA,48485,2008,130340.0
9048,TX,WILBARGER,48487,2008,13506.0
9049,TX,WILLACY,48489,2008,21763.0
9050,TX,WILLIAMSON,48491,2008,395437.0
9051,TX,WILSON,48493,2008,41657.0
9052,TX,WINKLER,48495,2008,7024.0
9053,TX,WISE,48497,2008,58181.0
9054,TX,WOOD,48499,2008,41722.0
9055,TX,YOAKUM,48501,2008,7765.0
9056,TX,YOUNG,48503,2008,18104.0
9057,TX,ZAPATA,48505,2008,13640.0
9058,TX,ZAVALA,48507,2008,11725.0
9237,WA,ADAMS,53001,2008,17782.0
9238,WA,ASOTIN,53003,2008,21393.0
9239,WA,BENTON,53005,2008,166573.0
9240,WA,CHELAN,53007,2008,70813.0
9241,WA,CLALLAM,53009,2008,70769.0
9242,WA,CLARK,53011,2008,415282.0
9243,WA,COLUMBIA,53013,2008,3903.0
9244,WA,COWLITZ,53015,2008,101688.0
9245,WA,DOUGLAS,53017,2008,37216.0
9246,WA,FERRY,53019,2008,7439.0
9247,WA,FRANKLIN,53021,2008,70775.0
9248,WA,GARFIELD,53023,2008,2244.0
9249,WA,GRANT,53025,2008,84944.0
9250,WA,GRAYS HARBOR,53027,2008,72027.0
9251,WA,ISLAND,53029,2008,78375.0
9252,WA,JEFFERSON,53031,2008,29648.0
9253,WA,KING,53033,2008,1875020.0
9254,WA,KITSAP,53035,2008,246912.0
9255,WA,KITTITAS,53037,2008,40015.0
9256,WA,KLICKITAT,53039,2008,20135.0
9257,WA,LEWIS,53041,2008,74899.0
9258,WA,LINCOLN,53043,2008,10608.0
9259,WA,MASON,53045,2008,59785.0
9260,WA,OKANOGAN,53047,2008,40235.0
9261,WA,PACIFIC,53049,2008,21305.0
9262,WA,PEND OREILLE,53051,2008,12985.0
9263,WA,PIERCE,53053,2008,785400.0
9264,WA,SAN JUAN,53055,2008,15590.0
9265,WA,SKAGIT,53057,2008,115808.0
9266,WA,SKAMANIA,53059,2008,10918.0
9267,WA,SNOHOMISH,53061,2008,694622.0
9268,WA,SPOKANE,53063,2008,462263.0
9269,WA,STEVENS,53065,2008,43398.0
9270,WA,THURSTON,53067,2008,244332.0
9271,WA,WAHKIAKUM,53069,2008,4033.0
9272,WA,WALLA WALLA,53071,2008,57315.0
9273,WA,WHATCOM,53073,2008,196708.0
9274,WA,WHITMAN,53075,2008,43802.0
9275,WA,YAKIMA,53077,2008,235272.0
